WKT,OBJECTID,CITY,ZIPCODE,POLLUTANTS,ID,NAME,ADDRESS,ACCURACY,LINKS,SiteStatus,EPA_Links,Shape_STAr,Shape_STLe,Shape_Length,Shape_Area
"MULTIPOLYGON (((-778071.073403848 1917753.79239175,-778074.273480836 1917823.78321082,-778100.079869925 1917892.01212536,-778125.870911176 1917960.23934492,-778151.662089353 1918028.46643899,-778177.460984509 1918096.69432901,-778133.865455662 1918135.19915034,-778088.671366515 1918138.69303465,-778043.477373307 1918142.18690699,-777998.275590385 1918145.67991832,-777885.296561335 1918154.43073703,-777817.507197289 1918159.65562851,-777704.520353851 1918168.40539421,-777752.491137423 1919218.09249982,-777389.339406685 1919211.06117102,-777357.362799258 1918511.26092894,-777291.163449022 1918551.49501398,-777249.16860348 1918624.97808803,-777205.575586261 1918663.45061329,-777140.974103663 1918738.69494043,-777097.380953178 1918777.16728471,-777055.37813887 1918850.6491376,-776992.388720692 1918960.84180045,-776926.19647042 1919001.07603615,-776858.410519812 1919006.33173303,-776742.223039591 1918945.08960252,-776695.427205197 1918913.60316688,-776626.03574808 1918883.8472136,-776555.050893734 1918819.11289235,-776503.462964486 1918682.6578579,-776476.06750505 1918579.41926266,-776466.475661843 1918369.48105499,-776461.68363077 1918264.51222221,-776455.290730623 1918124.56365262,-776469.895729716 1917947.87315079,-776486.101656304 1917806.16201496,-776523.305323829 1917627.70885946,-776541.108800507 1917521.0081793,-776579.913244664 1917377.53423722,-776641.30170109 1917232.35960247,-776681.706971946 1917123.86496606,-776762.502740121 1916906.93693251,-776783.496829989 1916870.22592213,-776867.494092763 1916723.2573966,-776978.877851128 1916679.52882656,-777045.068406242 1916639.29327354,-777135.454806964 1916632.30685319,-777206.43734554 1916697.04225845,-777235.433513428 1916835.26336798,-777262.82421986 1916938.47199433,-777290.219503322 1917041.7126199,-777335.412945322 1917038.21927072,-777404.798271574 1917067.94279898,-777449.991626089 1917064.44928614,-777517.780110864 1917059.2247012,-777562.976819475 1917055.69991574,-777629.163892886 1917015.49505253,-777648.570635467 1916943.74184403,-777667.966215655 1916872.01908399,-777663.165492508 1916767.04725638,-777682.568870006 1916695.32516326,-777679.377264643 1916625.33414277,-777676.174622595 1916555.3734838,-777692.378658473 1916413.65916154,-777708.575040453 1916271.94369468,-777726.380385783 1916165.20920431,-777768.378325896 1916091.75520209,-777832.966647842 1916016.53764711,-777968.548210931 1916006.02460305,-778083.122021681 1916032.28488193,-778154.112348888 1916097.02053573,-778205.700018489 1916233.47885812,-778212.091762458 1916373.46240643,-778197.490269749 1916550.15736924,-778136.094096654 1916695.36576953,-778095.694589685 1916803.83095534,-778079.502520268 1916945.51437543,-778061.705529112 1917052.24861282,-778042.302624584 1917123.9705601,-778024.505651565 1917230.70448545,-777982.507586533 1917304.15752065,-777987.301268711 1917409.12779998,-778014.690175658 1917512.36664908,-778019.491821714 1917617.33755125,-778045.290336054 1917685.56582365,-778071.073403848 1917753.79239175)))",1,BOULDER,80302,VOC's,COD980499255,MARSHALL LANDFILL,1600 S 66TH ST,+Or - 30 Meters,http://emaps.dphe.state.co.us/HMSiteMap/npl/marshall.htm,NPL ACTIVE,http://www2.epa.gov/region8/marshall-landfill,3286257.33237,10401.8908785,10401.8908784512,3286257.35319056
"MULTIPOLYGON (((-744438.993221408 1906945.08142323,-744367.705446258 1906933.40224962,-744356.651854737 1905613.60148499,-744354.310843846 1905338.69047597,-744427.994098627 1904382.91396027,-744449.101049626 1904109.50177933,-744478.219288353 1903732.28842917,-744480.105368646 1903707.36829702,-744628.125396009 1902111.85799229,-744771.472082632 1900842.25690725,-744803.561739041 1900496.37418661,-744844.967727764 1900050.0733455,-744857.389566258 1899916.18288936,-744863.600535256 1899849.23763011,-744896.026283561 1899683.44210171,-744912.589066009 1899504.9213543,-744952.792493267 1898979.73192658,-745123.69589228 1898883.05206798,-746381.712071111 1899011.13578577,-746526.398394212 1899013.33150467,-746770.408814546 1899047.27361777,-747066.155114597 1899074.78244262,-747388.288564901 1899093.50427109,-747726.282408861 1899124.96981939,-748049.454214467 1899132.5608662,-748132.912797771 1899151.59007306,-748757.155372426 1899221.02758694,-749001.156285134 1899255.03755499,-749313.794294295 1899284.20556547,-749692.986560453 1899330.85343937,-750521.044550368 1899408.2070317,-751011.115842121 1899454.02794378,-751297.353827186 1899492.05910767,-751126.404558311 1901072.16712595,-751204.068365874 1901126.4773456,-751233.477853124 1901150.04994258,-751266.364870036 1901177.43698839,-751292.976777841 1901201.76103884,-751335.178459672 1901241.61217904,-751366.981505215 1901283.30384964,-751401.54313528 1901338.30912483,-751428.68761692 1901388.79372189,-751445.687003761 1901420.20923395,-751469.173168681 1901435.12519412,-751496.13171665 1901438.43661837,-751521.680526968 1901425.85998887,-751538.504863206 1901409.99070307,-751555.020467671 1901381.03732898,-751572.504865683 1901339.00695234,-751585.713009895 1901286.22223508,-751600.131642435 1901250.54503962,-751619.9949376 1901211.32592258,-751638.608436451 1901189.09669393,-751674.85087217 1901173.35748885,-751724.575157561 1901166.53386168,-752018.181383366 1901168.93465311,-752170.239485124 1901183.18009959,-752473.30897258 1901222.83635147,-752693.992963204 1901232.27001697,-752861.532553657 1899627.31096562,-753878.279255546 1899703.12448606,-753892.064672395 1899707.90777024,-754191.227985705 1899733.52601618,-754460.532117367 1899754.8867596,-754424.82587372 1900044.15865521,-754420.694329386 1900178.82889073,-754411.32073148 1900369.28084415,-754391.401716641 1900581.25147718,-754361.924876979 1900713.54001559,-754345.212440528 1900982.08588153,-754325.293633439 1901194.05604153,-754297.975794147 1901394.07600225,-754295.939653183 1901506.43289906,-754263.319962245 1901672.18998947,-754260.235380628 1901795.70307467,-754242.353394348 1901895.31597826,-754240.316784725 1902007.67263257,-754221.386733241 1902118.44179201,-754203.565140428 1902308.09854992,-754194.130169517 1902408.50501927,-754186.791807158 1902486.59888614,-754166.814069594 1902608.52423416,-754160.524154353 1902675.46181763,-754131.171290781 1902987.83699584,-754121.736523907 1903088.24321708,-754104.904415724 1903176.69958661,-754084.986621854 1903388.66814511,-754071.358750634 1903533.69911141,-754070.369114408 1903634.89860239,-754053.537578958 1903723.35486264,-754040.207155946 1903822.60696637,-754034.251068173 1903866.9535916,-754025.175162794 1903934.52947605,-753994.716528229 1904168.01632977,-753878.708322402 1904314.68283535,-753713.08664471 1904445.43575562,-753592.83384507 1904546.68819161,-752775.725835542 1905310.95752395,-751996.195804253 1906040.04583179,-751921.082368988 1906136.32067189,-751889.734513849 1906176.37434804,-751116.276978225 1906892.0577273,-750453.897818602 1907504.97512026,-750423.678952352 1907502.14805581,-749233.90976671 1907390.93140085,-749099.358012393 1907378.3650693,-749093.196047205 1907377.78958682,-749084.33278463 1907376.96192057,-748900.737718592 1907359.81919347,-748107.264637589 1907285.77950237,-747312.744750046 1907222.9751645,-745767.971601354 1907079.21213554,-744438.993221408 1906945.08142323)))",2,COMMERCE CY,80022,"DIMP, DBCP, Dieldrin, Chloroform, As, Aldrin",CO5210020769,ROCKY MOUNTAIN ARSENAL (USARMY),IMMED N STAPLETON INTL ARPT,+Or - 30 Meters,http://emaps.dphe.state.co.us/HMSiteMap/npl/rockymountainarsenal.htm,NPL ACTIVE,http://www2.epa.gov/region8/rocky-mountain-arsenal,68263375.2209,36490.5683707,36490.5683707445,68263374.9178265
"MULTIPOLYGON (((-752775.725835542 1905310.95752395,-753592.83384507 1904546.68819161,-753713.08664471 1904445.43575562,-753878.708322402 1904314.68283535,-753994.716528229 1904168.01632977,-754025.175162794 1903934.52947605,-754034.251068173 1903866.9535916,-754040.207155946 1903822.60696637,-754053.537578958 1903723.35486264,-754070.369114408 1903634.89860239,-754071.358750634 1903533.69911141,-754084.986621854 1903388.66814511,-754104.904415724 1903176.69958661,-754121.736523907 1903088.24321708,-754131.171290781 1902987.83699584,-754160.524154353 1902675.46181763,-754166.814069594 1902608.52423416,-754186.791807158 1902486.59888614,-754194.130169517 1902408.50501927,-754203.565140428 1902308.09854992,-754221.386733241 1902118.44179201,-754240.316784725 1902007.67263257,-754242.353394348 1901895.31597826,-754260.235380628 1901795.70307467,-754263.319962245 1901672.18998947,-754295.939653183 1901506.43289906,-754297.975794147 1901394.07600225,-754325.293633439 1901194.05604153,-754345.212440528 1900982.08588153,-754361.924876979 1900713.54001559,-754391.401716641 1900581.25147718,-754411.32073148 1900369.28084415,-754420.694329386 1900178.82889073,-754424.82587372 1900044.15865521,-754460.532117367 1899754.8867596,-754487.789570265 1899464.82061129,-754526.704667132 1899232.12417689,-754563.208470693 1898571.51366495,-754592.753259065 1898529.2700348,-754966.963957688 1898992.13062634,-755063.117950933 1899057.44619147,-755173.022255065 1899157.82123755,-755259.673593357 1899233.50082417,-755500.567595243 1899391.22240719,-755621.011192263 1899470.08589399,-755679.107422777 1899486.80815565,-756066.73064915 1899534.5523111,-756040.511584705 1899903.5020364,-756002.691426108 1900305.12425242,-755963.820862489 1900717.90205587,-755945.961444674 1900907.55644492,-755926.000973563 1901119.52295833,-755898.643411507 1901319.53785393,-755898.686494647 1901409.58225004,-755888.181002501 1901521.14339556,-755874.52382862 1901666.17279186,-755865.06887167 1901766.57771675,-755854.563383544 1901878.1387504,-755846.158958538 1901967.38750564,-755828.257242761 1902066.99696449,-755821.954065942 1902133.93355616,-755812.499219232 1902234.33823861,-755803.044356866 1902334.74306817,-755788.336871847 1902490.92807788,-755776.780963198 1902613.64490682,-755765.225069267 1902736.36155455,-755758.921809113 1902803.29789698,-755745.264851527 1902948.32671818,-755598.675824428 1904302.67077888,-755594.442160776 1904335.85929864,-755836.162290581 1904361.78576135,-755756.484568787 1905107.12813237,-755437.910679527 1905591.130941,-755251.441360174 1905569.24653609,-755149.074652101 1905570.86617559,-755031.921878425 1905548.58607731,-754249.859149676 1905441.26584939,-754072.552136233 1905424.60016102,-754034.979823187 1905421.06909662,-753886.801523511 1905407.14508233,-753734.823402997 1905392.86687714,-753674.067085634 1905392.22430052,-753653.477314637 1905391.9784358,-753511.041689779 1905381.30187109,-753485.246637017 1905377.52891827,-753321.103977286 1905354.01302918,-753100.531396874 1905344.56156611,-753007.655231156 1905335.84476792,-752890.631035687 1905324.86305162,-752775.725835542 1905310.95752395)))",3,DENVER,80216,"VOC's, Chlorinated Solvents",COD007431620,CHEMICAL SALES CO OU2,4661 MONACO ST.,+Or - 30 Meters,http://emaps.dphe.state.co.us/HMSiteMap/npl/chemicalsales.htm,NPL ACTIVE,http://www2.epa.gov/region8/chemical-sales-co,11029881.3362,18213.6216088,18213.6216087914,11029881.3227779
"MULTIPOLYGON (((-761876.943871894 1901255.72642841,-761891.553007466 1901249.91705178,-761902.328846097 1901247.273504,-761916.945776067 1901241.46486389,-761924.255922766 1901238.54493216,-761942.330845469 1901233.01193791,-761960.409042089 1901227.44760871,-761978.495023896 1901221.88411708,-761993.104262321 1901216.07463322,-762015.404405402 1901203.99927301,-762034.615302489 1901188.26944051,-762056.911018065 1901176.16200648,-762091.115166349 1901151.24549609,-762118.38128909 1901125.83877501,-762141.433257601 1901106.94381386,-762172.924586422 1901074.99470909,-762197.854336187 1901039.17730622,-762229.345549053 1901007.22816268,-762250.06103218 1900977.92260388,-762274.990671012 1900942.10505343,-762303.012908834 1900909.91073184,-762324.104718695 1900877.22703748,-762340.602667355 1900854.464549,-762360.185442096 1900835.32435502,-762385.87119897 1900792.71932397,-762414.649463153 1900753.73740821,-762459.169506148 1900698.78027806,-762497.135448619 1900639.95575471,-762510.540760465 1900613.56996833,-762513.550078493 1900586.41847807,-762516.639318033 1900590.07294098,-762514.457343238 1900641.17862918,-762520.714711738 1900679.23001015,-762527.344210708 1900713.87112992,-762537.819101617 1900745.37927336,-762544.456287275 1900780.0213123,-762561.853829271 1900812.01784504,-762575.801059253 1900843.7397745,-762590.113780772 1900872.11399927,-762617.54186711 1900908.22389332,-762642.257044981 1900937.30131595,-762786.685097567 1901114.9917393,-762883.198863823 1901220.9207591,-762905.198030914 1901242.99687016,-762921.023004002 1901257.79615205,-762936.843656212 1901272.56337705,-762922.603383932 1901274.99409481,-762914.916918779 1901281.29220039,-762903.772555599 1901287.31469897,-762893.001240418 1901289.99052795,-762879.51267303 1901285.60176398,-762866.028528573 1901281.24506068,-762856.008930295 1901277.10130982,-762842.893522526 1901269.36578106,-762825.95138437 1901264.7334541,-762808.998176527 1901260.13171514,-762788.202951566 1901258.6316223,-762773.962579618 1901261.06230946,-762755.88460145 1901266.62680537,-762741.647601982 1901269.02616564,-762727.030892765 1901274.83494579,-762705.115206394 1901283.53323194,-762686.653012353 1901292.4748631,-762662.400926576 1901290.76261538,-762637.764618897 1901292.42761051,-762617.342464115 1901287.58061372,-762592.713843921 1901289.24642929,-762568.077545313 1901290.91130655,-762540.356088707 1901288.95406483,-762523.026348372 1901287.73035759,-762488.374555856 1901285.28376562,-762454.091516051 1901279.45824057,-762426.370062176 1901277.50096678,-762405.574631077 1901276.00087536,-762384.783622509 1901274.53284218,-762363.612809283 1901276.47411523,-762335.891356686 1901274.51681606,-762300.486802371 1901278.82614423,-762265.078764688 1901283.16687286,-762240.818699955 1901281.45366187,-762209.628290175 1901279.25118827,-762178.437791957 1901277.04859492,-762143.786014965 1901274.60178155,-762112.219171498 1901275.77726481,-762084.869853318 1901270.40965339,-762060.986129811 1901265.31840126,-762040.951283607 1901257.06288858,-762017.071035263 1901251.94031277,-761992.431164987 1901253.63635023,-761971.640063122 1901252.16822064,-761950.472621494 1901254.07808331,-761926.212563114 1901252.36479489,-761897.734865241 1901257.19466903,-761876.943871894 1901255.72642841)))",4,DENVER,80221,"PAH, PCP, VOC's, Heavy Metals",COD000110254,BRODERICK WOOD PRODUCTS,5600 HURON ST,+Or - 30 Meters,http://emaps.dphe.state.co.us/HMSiteMap/npl/broderick.htm,NPL ACTIVE,http://www2.epa.gov/region8/broderick-wood-products,275616.074256,2872.00116092,2872.00116092289,275616.071562185
"MULTIPOLYGON (((-740074.661706371 1882005.20640074,-740052.233127497 1882003.26803574,-738763.483608369 1881906.50708052,-738913.838910739 1880363.02883586,-738915.337557301 1880342.42010358,-738916.62352133 1880330.2738656,-739402.560529144 1880374.36833241,-739562.561815565 1880388.86326871,-739747.230806933 1880405.5054702,-739803.071522108 1880430.76438336,-739835.389470115 1880445.22850137,-739892.058053097 1880477.32028212,-739960.141982902 1880527.35744337,-740017.564952702 1880581.81982687,-740043.581578647 1880610.10657575,-740070.157054423 1880648.90166619,-740095.498503668 1880686.32921831,-740117.554129044 1880732.58488112,-740133.361059287 1880777.02845378,-740145.367441373 1880821.12634075,-740158.243616187 1880870.5735532,-740168.464048802 1880936.80026422,-740074.661706371 1882005.20640074)))",5,AURORA,80011,Industrial Chemicals,COD980499248,LOWRY LANDFILL,4200 S GUN CLUB RD,+Or - 30 Meters,http://emaps.dphe.state.co.us/HMSiteMap/npl/lowrylandfill.htm,NPL ACTIVE,http://www2.epa.gov/region8/lowry-landfill,1987401.5558,5516.56369756,5516.5636975624,1987401.5685369
"MULTIPOLYGON (((-775864.793076053 1869752.51994158,-775725.131752587 1869539.00603067,-775787.657420604 1868930.93757439,-776068.078789509 1868658.13488412,-776753.353752102 1868592.72093318,-777059.792435448 1868882.67252853,-777042.552044636 1869357.41789319,-777675.126475261 1869421.0013043,-777715.52483796 1869498.18374463,-777293.60209446 1870024.40217882,-776724.604727242 1870001.57871777,-776750.999205208 1869799.2735461,-775882.052486926 1869754.61953533,-775864.793076053 1869752.51994158)))",6,WATERTON,80127,"VOC's, Rocket Fuels, Petro Hydrocarbon",CO7570090038,AIR FORCE PLANT PJKS,12275 SOUTH HIGHWAY 75,+Or - 30 Meters,http://emaps.dphe.state.co.us/HMSiteMap/npl/airforceplantpjks.htm,NPL ACTIVE,http://www2.epa.gov/region8/air-force-plant-pjks,1768027.44419,5909.69274573,5909.69274573386,1768027.44095846
"MULTIPOLYGON (((-781384.391135517 1914565.62976232,-780209.424346937 1914436.34895112,-780200.708436537 1914435.52276747,-779820.398457479 1915107.02182897,-779450.116737349 1915116.7024112,-779434.369343746 1915097.29702905,-779346.367367981 1915097.91092224,-778893.979573496 1915046.06797241,-778475.613491997 1915006.4046689,-778325.757544172 1915010.10968926,-778207.396182312 1915052.62589503,-778108.993702461 1915070.16518414,-777972.358038445 1915119.90479008,-777808.439379932 1915086.45040163,-777657.448386865 1915009.43994775,-777541.321368672 1914935.73481707,-777407.76247835 1914860.37673504,-777067.840416212 1914828.14512467,-776982.365680647 1914802.12742521,-776900.260371547 1914740.60384982,-776315.967175412 1914317.98596935,-776182.409356345 1914242.62588434,-776017.649200101 1914218.04478047,-775832.0876428 1914227.31610405,-775724.126795829 1914252.90299859,-775408.117699024 1914339.36604085,-775818.111385957 1909926.87524467,-780575.211600158 1910395.84323523,-780429.795521581 1912021.09807913,-781617.67305034 1912106.82209768,-781384.391135517 1914565.62976232)))",12,DENVER, ,"VOC, Radionuclides", ,ROCKY FLATS (USDOE), ,+Or - 30 Meters,http://emaps.dphe.state.co.us/HMSiteMap/npl/rockyflats.htm,NPL ACTIVE,http://www2.epa.gov/region8/rocky-flats-plant-usdoe,25135611.4509,21183.2765751,21183.276575077,25135611.7060443
"MULTIPOLYGON (((-756600.196079144 1898305.76798253,-756989.978786574 1898331.24414277,-756961.620675729 1898722.50554058,-757586.937347718 1898781.47328088,-757688.360168096 1898874.86092709,-757613.485960954 1899222.93631423,-757560.711530309 1899330.5106404,-757544.893924623 1899407.8056606,-757384.444053792 1899662.79720034,-757296.825631026 1899778.3412208,-757232.420602827 1899828.54339399,-757144.805863857 1899944.08885754,-757115.250690251 1899986.32290274,-757012.777845205 1899897.87415582,-756858.556443019 1899815.80405288,-756492.110794601 1899609.66745814,-756479.823632119 1899750.42201845,-756129.696451396 1899499.52127197,-756071.600922242 1899482.79559279,-755902.992462872 1899369.97106309,-755981.386291406 1898544.97798571,-755614.208467307 1898213.64207723,-756600.196079144 1898305.76798253)))",13,COMMERCE CY,80022,"VOCs, Mn, As, Cd",COD980717953,SAND CREEK INDUSTRIAL,33ND AND DAHLIA,+Or - 30 Meters,http://emaps.dphe.state.co.us/HMSiteMap/npl/sandcreek.htm,NPL DELETED,http://www2.epa.gov/region8/sand-creek-industrial,2076939.01615,6712.7090596,6712.70905960167,2076939.03583203
"MULTIPOLYGON (((-757988.976867682 1895991.14776382,-760757.550124418 1896261.61287823,-760646.260206518 1897312.43747983,-760979.023951545 1897064.12527136,-761269.322470126 1897383.29845112,-761008.675856826 1897836.74536862,-760999.157882876 1898057.4504634,-761001.224576925 1898055.71019284,-761308.827674851 1897875.05321971,-761760.154866213 1897682.02394632,-762165.305638369 1897425.61473598,-762312.216008865 1897284.87514674,-762378.179263862 1897224.4622466,-762730.602662377 1897263.2737938,-762786.353924048 1897255.23378012,-762717.713138389 1897371.40300709,-762485.796469192 1899689.47741347,-760040.394954152 1899470.95938805,-759650.154727164 1899118.96223527,-759660.406702915 1898770.02861169,-759138.378184386 1898720.42282283,-758877.360635278 1899057.19005038,-758851.000405187 1899334.61087346,-757738.8499885 1899228.91650987,-758204.510948973 1898666.66589866,-758372.909863721 1898461.06124307,-758549.361770087 1898291.21228102,-758866.387721947 1898088.06727381,-758216.233619389 1898061.27135558,-758268.956525686 1897506.42616267,-758019.292584998 1897482.69846731,-758052.609152898 1897252.59110305,-757848.338807617 1897233.17707913,-757988.976867682 1895991.14776382)),((-757990.763778203 1895975.36632552,-757988.976867682 1895991.14776382,-757978.3170893 1895985.84718295,-757990.763778203 1895975.36632552)))",14,DENVER, ,"Pb, As",CO0002259588,VASQUEZ BLVD - I-70, ,+Or - 30 Meters,http://emaps.dphe.state.co.us/HMSiteMap/npl/vbi70.htm,NPL ACTIVE,http://www2.epa.gov/region8/vasquez-boulevard-i-70,12025383.6512,20421.2256389,20421.2256388587,12025383.5728208
"MULTIPOLYGON (((-760963.137434317 1891309.81209005,-760966.533418189 1891310.48395405,-760969.761222004 1891311.74391873,-760972.722613098 1891313.55384639,-760975.327828924 1891315.85875636,-760977.497614222 1891318.5884385,-760979.166050758 1891321.66015623,-760980.282467178 1891324.98055219,-760980.812849099 1891328.44862208,-760980.824275436 1891330.94219693,-760968.005425944 1891556.44569944,-760939.580223431 1891766.8581481,-760927.30435409 1891970.98298386,-760918.460588814 1892170.0190132,-760900.397736017 1892360.57582145,-760874.123959471 1892548.42840763,-760868.575758392 1892685.35107847,-760930.395225592 1892691.2040949,-760934.899347606 1892566.73121171,-760935.076083701 1892564.68951977,-760962.420295201 1892365.61575164,-760970.750216058 1892178.7751263,-760971.421791548 1892175.32907803,-760972.672821898 1892172.05198325,-760974.46546363 1892169.04349533,-760976.745037935 1892166.39497413,-760979.442459372 1892164.18697835,-760982.475598211 1892162.48645367,-760985.752412591 1892161.34520475,-760989.173329453 1892160.7978901,-760992.634418076 1892160.86110657,-760996.030426713 1892161.53286644,-760999.258245802 1892162.79282508,-761002.219750435 1892164.6027538,-761004.824980266 1892166.90765346,-761006.994778282 1892169.63732362,-761008.663225865 1892172.70902804,-761009.779660871 1892176.02930924,-761010.310059097 1892179.49726389,-761010.334016786 1892181.74261857,-761001.887944985 1892370.13432641,-760974.555232074 1892569.1252117,-760969.895224001 1892697.06919305,-761023.802916524 1892708.77176412,-761037.471292024 1892564.45027225,-761047.043313459 1892373.29991283,-761047.714887377 1892369.85386739,-761048.966015506 1892366.5767842,-761050.758548814 1892363.56838898,-761053.038222302 1892360.919878,-761055.735546258 1892358.71187297,-761058.76878562 1892357.01135705,-761062.045602447 1892355.87010679,-761065.46652228 1892355.32279014,-761068.927623852 1892355.38590346,-761072.323626671 1892356.05776069,-761075.551449706 1892357.31771572,-761078.512958382 1892359.12764051,-761081.118201778 1892361.43243551,-761083.287994112 1892364.16220195,-761084.956553521 1892367.23381104,-761086.072893078 1892370.55407886,-761086.603383182 1892374.02213967,-761086.621925054 1892376.38006439,-761077.051846068 1892567.74095765,-761063.082983879 1892715.02456239,-761125.043923253 1892720.89242014,-761137.857195079 1892585.61847676,-761140.069520622 1892382.10978466,-761140.741092936 1892378.66373872,-761141.992120891 1892375.38664513,-761143.784761081 1892372.37815723,-761146.064334744 1892369.72963489,-761148.761756456 1892367.52163683,-761151.794896481 1892365.8211088,-761155.071712923 1892364.67985557,-761158.492632658 1892364.13253578,-761161.953724878 1892364.19574644,-761165.349737727 1892364.86750001,-761168.577561517 1892366.12745201,-761171.539071193 1892367.93737401,-761174.144315809 1892370.24216654,-761176.314208217 1892372.97194025,-761177.982670491 1892376.04353831,-761179.099110353 1892379.36381435,-761179.672407082 1892384.38416691,-761177.475775744 1892588.50785377,-761164.781242127 1892722.34668524,-761245.207414591 1892721.13540051,-761247.588528897 1892721.244585,-761250.984538864 1892721.91643509,-761254.212369557 1892723.17638221,-761257.173984843 1892724.98630795,-761259.779236211 1892727.29109425,-761261.949144537 1892730.02076083,-761263.617603047 1892733.0924526,-761264.73404794 1892736.41272185,-761265.264454714 1892739.88066558,-761265.192837407 1892743.39100924,-761264.521267728 1892746.83704977,-761263.270241121 1892750.11413882,-761261.477600899 1892753.12262318,-761259.198035336 1892755.77104253,-761256.500601236 1892757.97913974,-761253.467466624 1892759.67956701,-761250.190546224 1892760.82081174,-761245.689823716 1892761.41422954,-761160.182954454 1892762.7020476,-761136.156001375 1892934.44628495,-761135.565888915 1892937.23188642,-761134.314869423 1892940.5088702,-761132.522226359 1892943.51734936,-761130.242648083 1892946.16586375,-761127.545220141 1892948.37385486,-761124.511983339 1892950.07426721,-761121.235158084 1892951.21551599,-761117.814219134 1892951.76293329,-761114.35311675 1892951.69972116,-761110.957093605 1892951.02796772,-761107.729269317 1892949.76791689,-761104.767641968 1892947.95808928,-761102.162388832 1892945.6533015,-761099.992489103 1892942.92353389,-761098.32402093 1892939.85194315,-761097.207576739 1892936.53167544,-761096.677180969 1892933.06363374,-761096.830250129 1892928.89295918,-761120.330398469 1892760.91481485,-761058.377054149 1892755.04757658,-761035.728481002 1892913.73625946,-761035.146280111 1892916.46581556,-761033.895150796 1892919.74288956,-761032.102605006 1892922.75137661,-761029.822936446 1892925.39977909,-761027.125606301 1892927.6077771,-761024.092359375 1892929.30828712,-761020.81553387 1892930.44953276,-761017.394505872 1892930.99683681,-761013.93350257 1892930.93363062,-761010.537381472 1892930.26186436,-761007.309548651 1892929.00191071,-761004.348030805 1892927.19198884,-761001.74277917 1892924.88719825,-760999.572871571 1892922.15752873,-760997.904414754 1892919.08583552,-760996.787972442 1892915.76556639,-760996.257470341 1892912.29761497,-760996.418553362 1892908.0709045,-761019.125264259 1892748.97495537,-760967.100948594 1892737.6812536,-760951.254185796 1892905.01237269,-760950.582610953 1892908.45840828,-760949.331480271 1892911.73548134,-760947.538834582 1892914.74395761,-760945.259263651 1892917.39236765,-760942.561833993 1892919.6003541,-760939.528586462 1892921.30086163,-760936.251760605 1892922.44210456,-760932.830831196 1892922.98941515,-760929.369729396 1892922.92619667,-760925.973707413 1892922.25443692,-760922.745875278 1892920.99448052,-760919.784259669 1892919.18454674,-760917.179009147 1892916.87975388,-760915.009211049 1892914.14999132,-760913.340647411 1892911.07838775,-760912.224305262 1892907.75812694,-760911.693804686 1892904.29017496,-760911.740813268 1892901.02425788,-760927.800998181 1892731.42703677,-760865.860038861 1892725.5625791,-760850.833872304 1892884.24868204,-760850.16229571 1892887.69471729,-760848.911163429 1892890.97178942,-760847.118615017 1892893.98027357,-760844.838944253 1892896.62867223,-760842.141612393 1892898.83666558,-760839.10836429 1892900.53717026,-760835.831538184 1892901.67841004,-760832.410510178 1892902.2257079,-760828.949507464 1892902.16249536,-760825.553387527 1892901.49072279,-760822.325565959 1892900.23066255,-760819.364040756 1892898.42083554,-760816.758801285 1892896.11593935,-760814.588896644 1892893.38626552,-760812.920433489 1892890.31466937,-760811.803994543 1892886.99439776,-760811.273604085 1892883.52635377,-760811.320585746 1892880.26073797,-760826.322338484 1892721.81938218,-760744.612549844 1892714.08415957,-760679.665994322 1892707.93654872,-760669.002912237 1892706.92735732,-760591.782519207 1892703.55682519,-760588.386511879 1892702.8849529,-760585.158587155 1892701.62497504,-760582.197077101 1892699.81503884,-760579.591834045 1892697.51023486,-760577.422043772 1892694.78046217,-760575.753586754 1892691.70885914,-760574.637153753 1892688.38858171,-760574.106768869 1892684.92053312,-760574.178398528 1892681.41018911,-760574.849980135 1892677.96415222,-760576.1011165 1892674.68708007,-760577.893766567 1892671.67860686,-760580.173340404 1892669.03020191,-760582.870771387 1892666.82222241,-760585.904018627 1892665.12172344,-760589.180833066 1892663.98059091,-760592.601768678 1892663.4331907,-760594.820073101 1892663.4031851,-760672.300088775 1892666.77089906,-760683.462872393 1892667.82746791,-760748.409710747 1892673.97510546,-760829.004318969 1892681.60467557,-760834.478011498 1892545.88266975,-760834.658428367 1892543.87560844,-760861.009004669 1892355.47492853,-760878.874744839 1892166.78586542,-760887.648956558 1891968.79995556,-760900.127294677 1891762.24771597,-760928.547719833 1891551.87132883,-760941.253381 1891327.72639059,-760941.924967684 1891324.28022746,-760943.17609569 1891321.00312855,-760944.96863509 1891317.99461899,-760947.248301889 1891315.34609654,-760949.94561613 1891313.13808271,-760952.97874437 1891311.43755156,-760956.255546396 1891310.29629858,-760959.676449522 1891309.74898242,-760963.137434317 1891309.81209005)),((-762960.128778821 1887745.23760399,-762934.229081562 1887892.34380079,-762858.074238699 1887885.11886915,-762739.611108834 1887873.88156873,-762768.180139131 1887662.71990561,-762786.171009723 1887473.06758073,-762896.177981846 1887483.50277656,-762990.319210474 1887481.17769579,-763083.401991343 1887490.00971995,-763126.80662205 1887494.41267911,-763134.988780193 1887495.24268328,-763046.440845558 1887754.48674885,-762960.128778821 1887745.23760399)),((-764314.909629418 1893572.93252009,-764244.334300525 1893573.98642648,-764276.974795573 1893254.14317006,-764544.091047858 1893255.93620302,-764531.438034306 1893348.9284786,-764524.247822494 1893435.25700145,-764516.025132294 1893539.61030376,-764513.633532754 1893546.81205205,-764500.932247 1893590.62960314,-764314.909629418 1893572.93252009)),((-764069.205511217 1891419.5040362,-763948.756818187 1891520.29620328,-763789.729614711 1891346.0165895,-763703.561521639 1891207.23845858,-763814.149760158 1891221.79944922,-763861.948125352 1891227.12994311,-763937.964541665 1891235.48033241,-764004.708849093 1891242.612436,-763997.390317654 1891276.90045718,-763992.989746721 1891298.77235666,-763999.771132033 1891319.0493515,-764012.971347124 1891337.2211129,-764019.826369279 1891356.80780892,-764034.522124414 1891375.87306123,-764069.205511217 1891419.5040362)),((-763698.255721173 1888475.6193011,-763718.958617988 1888439.6079075,-763811.158919803 1888529.76046194,-763802.437862102 1888819.0025179,-763760.134981016 1888814.98377731,-763750.636756532 1888869.53310585,-763685.872656406 1888862.59404604,-763692.560668458 1888809.77869457,-763692.765044591 1888807.7308647,-763678.350077345 1888807.45568405,-763677.678631997 1888810.90191763,-763676.427641178 1888814.17920092,-763674.635233301 1888817.18800651,-763672.355808519 1888819.83674236,-763669.658638224 1888822.04496583,-763666.625554202 1888823.7456998,-763663.34899108 1888824.88717378,-763659.928224012 1888825.43469788,-763656.46737928 1888825.371691,-763653.071519185 1888824.70001882,-763649.843840964 1888823.44013353,-763646.882369619 1888821.63025248,-763644.277153645 1888819.32548331,-763642.107378008 1888816.59572402,-763640.438932286 1888813.52401208,-763639.322497638 1888810.20360418,-763638.792098502 1888806.73540449,-763638.839602638 1888803.46287681,-763668.53400965 1888490.86100759,-763669.20546519 1888487.41466819,-763670.456455628 1888484.13737976,-763672.248852509 1888481.12866988,-763674.528274783 1888478.47992967,-763677.225451118 1888476.27160184,-763680.258432069 1888474.5708553,-763683.535088737 1888473.42938821,-763686.955751475 1888472.88185299,-763690.416688917 1888472.94486832,-763693.812542986 1888473.6165404,-763697.040215362 1888474.87642644,-763698.255721173 1888475.6193011)),((-760217.804291358 1892961.44317666,-760219.84614723 1892961.74561243,-760260.541432763 1892969.98628445,-760310.933285838 1892980.28564367,-760314.161105528 1892981.54571974,-760317.122617969 1892983.35566131,-760319.727862577 1892985.6604688,-760321.897761758 1892988.39015193,-760323.566209016 1892991.46185511,-760324.682640891 1892994.78213028,-760325.213033276 1892998.25007425,-760325.141301975 1893001.76040309,-760324.469716508 1893005.20643267,-760323.218575448 1893008.48349621,-760321.426028167 1893011.49186859,-760319.146340051 1893014.14035418,-760316.448902564 1893016.34832268,-760313.415658124 1893018.04870993,-760310.138827372 1893019.18993188,-760306.717894782 1893019.73722091,-760301.448462742 1893019.39414195,-760252.653866985 1893009.48864614,-760212.981062739 1893001.45507059,-760112.534597513 1892991.95372172,-760011.059175728 1892982.35632482,-759912.44011651 1892973.03044412,-759896.376704946 1893142.87686022,-759895.705112293 1893146.32288437,-759894.453973535 1893149.59983961,-759892.661310937 1893152.60829324,-759890.381625652 1893155.25666662,-759887.684182024 1893157.46462197,-759884.650932207 1893159.16499501,-759881.374097006 1893160.30620211,-759877.953062351 1893160.85346675,-759874.492055636 1893160.79022145,-759871.09594402 1893160.11831704,-759867.868124029 1893158.8582279,-759864.906603162 1893157.04837526,-759862.30127198 1893154.74344814,-759860.131475395 1893152.01376683,-759858.4630333 1893148.94205855,-759857.346706321 1893145.62179028,-759856.816222308 1893142.15383716,-759856.863068845 1893138.89084907,-759874.823065565 1892948.98965189,-759875.494757502 1892945.54363387,-759876.74590574 1892942.26657499,-759878.538459314 1892939.2582096,-759880.81815261 1892936.60973308,-759883.515593989 1892934.40177543,-759886.54884092 1892932.70140045,-759889.82577139 1892931.56020118,-759893.246703585 1892931.01292605,-759896.464110603 1892931.05160384,-760014.852822844 1892942.24700765,-760116.328717363 1892951.84444913,-760217.804291358 1892961.44317666)),((-760006.90736728 1892064.43728658,-760010.303370711 1892065.10907982,-760013.531172174 1892066.36917093,-760016.492666105 1892068.17912925,-760019.097793812 1892070.48394532,-760021.267666051 1892073.21374759,-760022.935998603 1892076.28546011,-760024.052416301 1892079.60575351,-760024.582787239 1892083.07381522,-760024.50064411 1892086.68003061,-760007.211842079 1892241.55418953,-759970.276831714 1892632.09434647,-759969.605239682 1892635.54037993,-759968.354093522 1892638.81744503,-759966.561434536 1892641.82590773,-759964.281754219 1892644.47428965,-759961.58431676 1892646.68225275,-759958.551074129 1892648.3826325,-759955.274246912 1892649.52384509,-759951.853319471 1892650.07112318,-759948.392222915 1892650.00787105,-759944.996218834 1892649.33597697,-759941.768397912 1892648.07598766,-759938.80689471 1892646.26603221,-759936.201669566 1892643.96111063,-759934.031780694 1892641.23141469,-759932.363343817 1892638.15969987,-759931.247020731 1892634.83942401,-759930.716637839 1892631.37147184,-759930.763396161 1892628.1083655,-759967.725404778 1892237.30058301,-759985.033419464 1892082.25491822,-759985.694501114 1892078.90483718,-759986.945645958 1892075.62776269,-759988.738301864 1892072.61929105,-759991.017878721 1892069.97089155,-759993.715309816 1892067.76292119,-759996.748554253 1892066.06243478,-760000.025363063 1892064.92131786,-760003.44628084 1892064.37403635,-760006.90736728 1892064.43728658)),((-763057.622714611 1890495.37752479,-763011.260514552 1890439.25879662,-763004.365314968 1890249.65479,-763157.739788467 1890266.08934984,-763179.896541568 1890349.12459104,-763083.829531666 1890340.79819601,-763084.689503144 1890423.51877785,-763057.622714611 1890495.37752479)),((-761720.993013204 1895197.41660584,-761724.389276194 1895198.08835038,-761727.617154341 1895199.34826722,-761730.578826523 1895201.15805656,-761733.590906663 1895203.90459891,-761803.352985282 1895282.04026979,-761871.133386838 1895362.31035479,-761948.891087409 1895424.9069841,-761950.907120916 1895426.77388927,-762020.641122558 1895500.92411723,-762023.084512476 1895504.11054416,-762037.875270582 1895528.02564862,-762039.211581452 1895530.57778785,-762040.328176167 1895533.89791113,-762040.85871613 1895537.36581177,-762040.787134756 1895540.87600639,-762040.115592075 1895544.32190333,-762038.864583001 1895547.59885552,-762037.071950604 1895550.60721086,-762034.792373664 1895553.25561041,-762032.094928426 1895555.46359663,-762029.061665769 1895557.16401367,-762025.784708212 1895558.30526721,-762022.363639757 1895558.85259775,-762018.902481925 1895558.78951757,-762015.506310075 1895558.11779353,-762012.278324925 1895556.85787879,-762009.316545256 1895555.04809156,-762006.711130873 1895552.74344796,-762004.208848466 1895549.49463069,-761990.481008927 1895527.29817338,-761923.071769617 1895455.61993931,-761844.896355348 1895392.68706048,-761842.170046262 1895390.02315053,-761773.331223631 1895308.49964593,-761704.115681586 1895230.98749945,-761702.352503886 1895228.69977319,-761700.683889273 1895225.6283184,-761699.56730344 1895222.30818625,-761699.036771845 1895218.84027837,-761699.108360759 1895215.33007834,-761699.779919408 1895211.88407751,-761701.030923974 1895208.60722455,-761702.823569379 1895205.59876954,-761705.103246729 1895202.95038227,-761707.800682356 1895200.74250142,-761710.83395271 1895199.0419905,-761714.110798483 1895197.90083629,-761717.531871374 1895197.3534147,-761720.993013204 1895197.41660584)),((-763610.293493955 1892396.22370647,-763654.768491214 1891979.80798423,-763683.69143257 1891982.90697611,-763639.195245878 1892399.5223154,-763610.293493955 1892396.22370647)),((-764115.560236201 1886976.68986896,-764102.111715095 1886968.65028832,-764120.716411677 1886928.41286082,-764132.226271034 1886905.89124618,-764156.145782115 1886876.78096607,-764166.958894583 1886860.78320847,-764147.66996982 1886858.71644468,-764127.823465787 1886861.86883381,-764122.230013087 1886853.35115843,-764136.172333977 1886832.40985354,-764150.735807115 1886830.01110165,-764174.021938985 1886831.18647153,-764193.032229859 1886835.86272297,-764208.431615661 1886825.63528476,-764231.654271271 1886803.04883514,-764250.803920662 1886806.42038507,-764266.716688967 1886827.92117509,-764250.031290242 1886838.01085081,-764218.117562523 1886868.90406834,-764195.166446865 1886880.79233835,-764186.450770677 1886885.30688568,-764158.470670319 1886891.54687803,-764120.532941384 1886966.66493329,-764115.560236201 1886976.68986896)),((-763942.243372163 1893687.37848992,-763947.934834337 1893634.08759212,-763935.927810989 1893632.80120538,-763937.350675131 1893619.47850387,-763954.651385446 1893620.94699236,-763962.547416413 1893550.56695024,-764041.374719061 1893555.16225226,-764040.227097307 1893562.35445269,-764026.181382637 1893562.3895911,-764021.759552797 1893607.3465248,-764028.694885097 1893613.47962299,-764037.01834739 1893624.38149824,-764038.506660543 1893635.32110341,-764032.987675348 1893644.35496039,-764024.123034535 1893649.18027814,-764011.193694825 1893645.87004298,-763999.877684283 1893638.11262028,-763991.047676044 1893624.84644605,-763979.659800505 1893621.31637892,-763970.619994611 1893638.44311587,-763962.937092737 1893664.18525274,-763956.076510852 1893685.78053672,-763948.206246086 1893688.40236606,-763942.243372163 1893687.37848992)),((-763603.950097239 1892258.13196204,-763561.340280105 1892253.56645694,-763572.081283094 1892140.77292181,-763603.950097239 1892258.13196204)),((-764043.033664416 1893706.64697614,-764047.158215515 1893675.13346569,-764061.791764822 1893676.70125368,-764069.155479285 1893671.71511963,-764070.293784758 1893661.05694084,-764080.049519752 1893662.10210053,-764091.831340994 1893672.60453302,-764089.920658605 1893690.49501065,-764066.097273339 1893696.79780219,-764064.796322025 1893708.9786017,-764043.033664416 1893706.64697614)),((-763096.340737444 1888851.55679086,-763092.817817838 1888848.38020771,-763090.313382416 1888840.83453219,-763080.49442207 1888839.78241213,-763079.553833209 1888827.92583954,-763081.104334638 1888818.57549167,-763086.16434013 1888807.36196493,-763089.410504711 1888797.63341738,-763117.717444233 1888801.22650666,-763111.711524304 1888821.2953539,-763105.264914884 1888835.15935015,-763096.340737444 1888851.55679086)),((-760108.139224246 1893778.17483911,-760099.851263743 1893778.25550066,-760093.854106906 1893771.79787372,-760092.146770216 1893760.95453103,-760093.621859137 1893750.12939369,-760098.69667858 1893738.39788933,-760103.327857738 1893730.81835707,-760109.438486309 1893727.27392563,-760117.419309604 1893730.06770616,-760113.221717295 1893769.35154496,-760108.139224246 1893778.17483911)),((-763704.47454804 1896164.10488809,-763698.001414575 1896159.90056643,-763760.764915931 1896106.93985573,-763765.156228658 1896114.43208469,-763704.47454804 1896164.10488809)),((-764263.100027983 1887818.20487898,-764252.678992201 1887814.90194458,-764251.933819553 1887801.70448436,-764264.715955475 1887803.07406147,-764263.100027983 1887818.20487898)),((-764062.307141848 1889103.75834602,-764054.994474915 1889102.97490988,-764055.786931849 1889095.5554983,-764063.059869526 1889096.71002677,-764062.307141848 1889103.75834602)),((-760082.216994717 1893765.45425669,-760078.404941174 1893765.36861674,-760079.12159085 1893758.66158465,-760085.103389635 1893759.30289461,-760085.987347001 1893762.95107897,-760082.216994717 1893765.45425669)))",17,DENVER,80204,"Ra, Th, U, As, Pb",COD980716955,DENVER RADIUM,VARIOUS PLACES IN DENVER,+Or - 30 Meters,http://emaps.dphe.state.co.us/HMSiteMap/npl/denverradium.htm,NPL ACTIVE,http://www2.epa.gov/region8/denver-radium-site,593947.010171,20093.4834097,20093.4834096812,593946.920020475
"MULTIPOLYGON (((-761774.847357761 1899378.87809307,-761548.054415754 1900139.47325984,-761497.723780361 1900262.58876076,-761154.503741329 1900215.22509357,-761121.159514703 1900566.23292411,-760355.359910268 1900493.47676349,-760337.000303562 1900709.00762838,-760463.266678499 1900721.00420306,-760454.308111234 1900922.59582032,-760217.780217978 1900893.13329887,-760218.720179656 1900988.45662844,-759901.50584661 1900947.93542884,-759900.978847605 1900853.67086453,-759918.773371442 1900658.88905615,-760038.169928542 1900669.00779836,-760150.169400469 1900518.25317402,-760163.600421339 1900376.8752425,-760235.393967955 1900383.69651898,-760310.886880305 1899741.54603738,-760018.92705325 1899713.8059623,-760035.137152131 1899543.17670062,-760134.411923693 1899464.06491748,-760735.311651165 1899289.95774919,-760891.864006088 1899014.60222529,-760932.465860458 1898688.87695545,-761010.895950406 1898524.15797564,-761028.25761639 1898314.20868114,-761047.317342233 1898113.5740616,-761128.126719981 1898121.25139382,-761146.697671988 1897925.76102057,-761800.609758705 1897989.206718,-761776.528124855 1898242.71542075,-761681.436018011 1899192.91550711,-761764.346255703 1899235.22569934,-761741.34376921 1899375.69533506,-761774.847357761 1899378.87809307)))",19,"DENVER, COMMERCE CY", ,"Cd, Pb, As", ,ASARCO GLOBEVILLE, ,+Or - 30 Meters,http://emaps.dphe.state.co.us/HMSiteMap/npl/asarcoglobeville.htm,PROPOSED,http://www2.epa.gov/region8/asarco-inc-globe-plant,2833808.361,9898.89775905,9898.89775905078,2833808.36526689
"MULTIPOLYGON (((-757705.582825058 1899636.99700455,-758207.55398044 1899687.2877049,-758209.315062972 1899690.1897413,-758211.357255918 1899692.08127533,-758213.682095978 1899693.40514912,-758216.080986483 1899694.98190091,-758219.573126143 1899696.26031779,-758303.097241345 1899702.87410817,-758306.19604827 1899702.41423653,-758308.981144918 1899701.35873296,-758311.688199848 1899699.56417271,-758313.965335919 1899696.64590047,-758352.221094695 1899727.02847139,-758315.15056318 1899796.37728737,-758310.265547121 1899794.28547533,-758301.485407984 1899791.03597927,-758291.562893536 1899787.87457213,-758285.455807279 1899786.18984551,-758277.092705775 1899783.82551297,-758267.156573628 1899781.25073757,-758256.540805815 1899778.41573547,-758247.604133384 1899775.85277533,-757697.358133691 1899723.55985533,-757705.582825058 1899636.99700455)))",24,COMMERCE CY,80022, , ,WOODBURY CHEMICAL CO, , , ,NPL DELETED,http://www.epa.gov/region8/superfund/co/woodbury/index.html,54183.6072834,1464.14505413,1464.14505413002,54183.6081242221
"MULTIPOLYGON (((-756094.935507135 1897663.39472571,-755925.711361916 1899426.51981067,-755719.158307319 1899400.01580827,-755581.300678016 1899355.89100744,-755478.41561558 1899307.46965521,-755359.764824082 1899225.34866106,-755249.199693716 1899124.67554782,-755150.71210361 1899029.98052489,-755277.840365622 1897585.72134392,-756094.935507135 1897663.39472571)))",25,DENVER,80216,"VOC's, Chlorinated Solvents",COD007431620,CHEMICAL SALES CO OU1,4661 MONACO ST.,+Or - 30 Meters,http://emaps.dphe.state.co.us/HMSiteMap/npl/chemicalsales.htm,NPL ACTIVE,http://www2.epa.gov/region8/chemical-sales-co,1363930.18239,4920.46346644,4920.46346643751,1363930.1950012
