var1.pred,var1.var,observed,residual,zscore,fold,coords.x1,coords.x2,week_ending
9.758743045063119,9.069098833326843,13.5,3.7412569549368815,1.2423257006763229,1,-757025.9611524006,1903105.1372714953,2014-01-12
8.498071842043405,9.226949463815192,9.816666666666666,1.3185948246232613,0.4340925134315789,2,-766311.6382745274,1879040.326008466,2014-01-12
10.497784309561041,9.641699237825366,12.666666666666668,2.168882357105627,0.6984884127232869,3,-767198.6179214683,1942180.4777782091,2014-01-12
10.600967666255533,11.10960465575711,8.5,-2.100967666255533,-0.6303330319108046,4,-782420.9497166229,1927504.9481515924,2014-01-12
9.89158840052643,8.984755710134337,8.2125,-1.67908840052643,-0.5601707459712539,5,-762056.0600764392,1895159.0578628443,2014-01-12
9.603415683776545,8.968990496778154,11.433333333333334,1.8299176495567888,0.6110261034692759,6,-763239.9700491212,1898457.655627201,2014-01-12
9.004887802951005,9.007223116450337,13.250000000000002,4.2451121970489964,1.4144699083636028,7,-764597.4012900228,1893260.205027535,2014-01-12
8.797091651790986,9.714845985532719,4.95,-3.8470916517909854,-1.2342825041973216,8,-771363.9500667664,1871652.3524933874,2014-01-12
9.628959483350561,11.624526775536918,2.15,-7.478959483350561,-2.193580311208369,9,-745868.8854113646,1846566.956502921,2014-01-12
4.029157086222728,13.513884933262075,5.866666666666667,1.837509580443939,0.4998497782048202,10,-757998.5164247212,1793109.2823624632,2014-01-12
11.641122195899893,28.14008509878815,3.12843125,-8.512690945899893,-1.6047380981733808,11,-1022914.5420432015,1888816.2748672932,2014-01-12
1.7255155548873509,18.76815743177182,1.4500000000000002,-0.2755155548873507,-0.06359680590580656,12,-1020759.4576988224,1628612.7672778761,2014-01-12
2.03249734081055,13.995610588196964,1.75,-0.2824973408105498,-0.07551242875378336,13,-1042334.2668231912,1627432.094682159,2014-01-12
12.49606779352045,16.270480447765042,8.283333333333335,-4.212734460187114,-1.0443928659973296,14,-761073.5930556873,1987363.5175071312,2014-01-12
4.390942883060032,32.71203639825721,14.05,9.65905711693997,1.6888105906526671,15,-1073694.327079326,1853122.8679138906,2014-01-12
6.532322552444221,42.77628501745304,5.45,-1.0823225524442206,-0.16548368208415254,16,-1101719.1637183726,1663080.6120445235,2014-01-12
2.5566368371669013,39.1783009892952,5.9,3.343363162833099,0.5341469512241848,17,-744016.031891973,1727449.5663826556,2014-01-12
5.823607026325583,82.74252278198684,8.214955366071429,2.3913483397458464,0.26289266190068444,18,-1075355.558845615,1969029.0688920591,2014-01-12
12.172394412153528,14.438610599501589,11.2,-0.9723944121535286,-0.25590557812527026,19,-731520.3669870156,1966992.3877918236,2014-01-12
11.4290204033035,10.224095392902973,12.483333333333334,1.054312930029834,0.32972895505656646,20,-743466.6459182348,1944978.5298480187,2014-01-12
5.620758360799068,1.7513623987357074,7.2749999999999995,1.6542416392009311,1.2500026614318644,1,-757025.9611524006,1903105.1372714953,2014-01-26
5.621382910015719,1.7813253272574119,5.425,-0.1963829100157195,-0.14714044654898226,2,-766311.6382745274,1879040.326008466,2014-01-26
5.881904759177667,1.8733802968334448,7.1,1.2180952408223327,0.8899554608138676,3,-767198.6179214683,1942180.4777782091,2014-01-26
6.283263703298856,2.112392392925375,6.95,0.6667362967011439,0.4587402015519615,4,-782420.9497166229,1927504.9481515924,2014-01-26
5.986708362167131,1.728973743551042,4.807142857142857,-1.1795655050242742,-0.8970731633591371,5,-762056.0600764392,1895159.0578628443,2014-01-26
5.900306840607237,1.7258813177697268,6.025,0.1246931593927636,0.09491550551791146,6,-763239.9700491212,1898457.655627201,2014-01-26
5.637292023117437,1.731258656150941,7.3500000000000005,1.7127079768825633,1.3016743335964784,7,-764597.4012900228,1893260.205027535,2014-01-26
5.71505658606114,1.8864370485840256,4.625,-1.0900565860611398,-0.7936479241743604,8,-771363.9500667664,1871652.3524933874,2014-01-26
5.289152404660632,2.273483659100678,3,-2.2891524046606317,-1.5181993078971785,9,-745868.8854113646,1846566.956502921,2014-01-26
3.3993195325107104,2.8815971642765503,4.825,1.4256804674892898,0.8398574239945324,10,-757998.5164247212,1793109.2823624632,2014-01-26
10.581328381597725,4.564220906046715,3.1385100476190475,-7.4428183339786775,-3.4838070269880053,11,-1022914.5420432015,1888816.2748672932,2014-01-26
4.329067809444891,3.206042478453376,3.4000000000000004,-0.9290678094448905,-0.5188750361955679,12,-1020759.4576988224,1628612.7672778761,2014-01-26
4.8422075671327365,2.6273806582004178,3.9000000000000004,-0.9422075671327361,-0.581279609309733,13,-1042334.2668231912,1627432.094682159,2014-01-26
5.49522745229412,2.903302556412784,4.7,-0.7952274522941201,-0.4667079682689135,14,-761073.5930556873,1987363.5175071312,2014-01-26
4.387593568229007,5.141224478726525,13.600000000000001,9.212406431770994,4.062934364934316,15,-1073694.327079326,1853122.8679138906,2014-01-26
5.748418157549728,5.779436994989414,8.7,2.9515818424502713,1.2277559943400411,16,-1101719.1637183726,1663080.6120445235,2014-01-26
4.767150915421169,5.740663043956278,3.95,-0.8171509154211689,-0.3410525048257564,17,-744016.031891973,1727449.5663826556,2014-01-26
5.414096433406249,7.949544016452138,6.515773821428572,1.1016773880223223,0.3907359101647103,18,-1075355.558845615,1969029.0688920591,2014-01-26
5.690236657675935,2.5240145269155185,3.4,-2.2902366576759348,-1.4415656877767742,19,-731520.3669870156,1966992.3877918236,2014-01-26
5.433419789676929,1.9639688445873322,5.574999999999999,0.14158021032307033,0.10102648807302082,20,-743466.6459182348,1944978.5298480187,2014-01-26
12.213784874907354,28.79731640756856,20.14166666666667,7.927881791759315,1.4773423815309947,1,-757025.9611524006,1903105.1372714953,2014-02-09
12.388780127010953,28.91569814770701,14.283333333333333,1.8945532063223798,0.352322164337192,2,-766311.6382745274,1879040.326008466,2014-02-09
11.728181457754271,29.009605447813975,21.975,10.24681854224573,1.9024713900152024,3,-767198.6179214683,1942180.4777782091,2014-02-09
12.531881080075877,29.00960596075137,8.641666666666666,-3.890214413409211,-0.7222750677775409,4,-782420.9497166229,1927504.9481515924,2014-02-09
12.44499169420505,15.848972575834681,14.317857142857143,1.8728654486520924,0.4704419275289427,5,-762056.0600764392,1895159.0578628443,2014-02-09
13.887622801747566,21.610710419584695,18.008333333333333,4.120710531585766,0.8864159981812358,6,-763239.9700491212,1898457.655627201,2014-02-09
13.13480191812495,19.891742454288462,7.950000000000001,-5.184801918124949,-1.1625074781766023,7,-764597.4012900228,1893260.205027535,2014-02-09
11.895139659632083,28.916878955302714,20.375,8.479860340367917,1.5769320905249211,8,-771363.9500667664,1871652.3524933874,2014-02-09
12.518303352719764,29.00961154129449,8.866666666666667,-3.651636686053097,-0.6779795664068793,9,-757998.5164247212,1793109.2823624632,2014-02-09
12.896411668366861,29.00961154129449,2.5937284285714286,-10.302683239795432,-1.9128432854292896,10,-1022914.5420432015,1888816.2748672932,2014-02-09
12.886979589947174,29.009607790972925,2.75,-10.136979589947174,-1.8820781096764592,11,-1020759.4576988224,1628612.7672778761,2014-02-09
12.911090433950582,29.009607790972925,2.35,-10.561090433950582,-1.9608204735623256,12,-1042334.2668231912,1627432.094682159,2014-02-09
12.16367890521577,29.00961154128471,14.75,2.58632109478423,0.48018820194468187,13,-761073.5930556873,1987363.5175071312,2014-02-09
12.209388288655656,29.00961154129449,13.991666666666667,1.7822783780110107,0.33090595418634455,14,-1073694.327079326,1853122.8679138906,2014-02-09
12.673012035210405,29.00961154129449,6.300000000000001,-6.3730120352104045,-1.1832425588340545,15,-1101719.1637183726,1663080.6120445235,2014-02-09
12.422866178456058,29.00961154129449,10.45,-1.9728661784560586,-0.3662913567927132,16,-744016.031891973,1727449.5663826556,2014-02-09
12.638651223195353,29.00961154129449,6.870056892857143,-5.76859433033821,-1.0710236036890923,17,-1075355.558845615,1969029.0688920591,2014-02-09
11.855769040628813,29.009611354860084,19.858333333333334,8.002564292704522,1.4857926878288052,18,-731520.3669870156,1966992.3877918236,2014-02-09
11.728186186664008,29.009610841896613,21.974999999999998,10.24681381333599,1.9024703351502428,19,-743466.6459182348,1944978.5298480187,2014-02-09
11.107464589412837,25.440155290482124,14.05,2.9425354105871637,0.5833938127801416,1,-757025.9611524006,1903105.1372714953,2014-02-23
7.543758896045769,25.421729953603293,3.625,-3.9187588960457687,-0.7772236255792139,2,-766311.6382745274,1879040.326008466,2014-02-23
8.491056537286045,34.51249735329706,13.733333333333334,5.242276796047289,0.8923428642824988,3,-767198.6179214683,1942180.4777782091,2014-02-23
8.187790746377155,35.07407556440721,13.291666666666668,5.1038759202895125,0.8618009948822294,4,-782420.9497166229,1927504.9481515924,2014-02-23
13.604098190989955,19.63783214221327,10.341666666666669,-3.2624315243232864,-0.7361979998929121,5,-762056.0600764392,1895159.0578628443,2014-02-23
12.978208996855127,19.979787618535315,13.616666666666667,0.6384576698115403,0.14283566951633578,6,-763239.9700491212,1898457.655627201,2014-02-23
9.909697889653936,20.596474523173484,18.31666666666667,8.406968777012734,1.8524350511584018,7,-764597.4012900228,1893260.205027535,2014-02-23
5.695238055295279,28.237150604701153,2.175,-3.5202380552952794,-0.6624629564581428,8,-771363.9500667664,1871652.3524933874,2014-02-23
7.914811172100786,36.220962899659014,1.6,-6.314811172100786,-1.0492533704160159,9,-745868.8854113646,1846566.956502921,2014-02-23
7.508089104770123,36.26451788127559,8.691666666666666,1.1835775618965432,0.1965421801725312,10,-757998.5164247212,1793109.2823624632,2014-02-23
7.912364326788202,36.264655513406915,2.682306761904762,-5.23005756488344,-0.868489737148867,11,-1022914.5420432015,1888816.2748672932,2014-02-23
7.218158570277424,35.199054463787625,1.875,-5.343158570277424,-0.900601289278074,12,-1020759.4576988224,1628612.7672778761,2014-02-23
7.109555354027885,35.19905406788797,2.475,-4.634555354027885,-0.7811646417830705,13,-1042334.2668231912,1627432.094682159,2014-02-23
7.40556679332264,36.21962152506261,11.241666666666667,3.8360998733440272,0.6374086482716742,14,-761073.5930556873,1987363.5175071312,2014-02-23
7.559819361028861,36.26465551340715,7.925,0.3651806389711387,0.06064094576728944,15,-1073694.327079326,1853122.8679138906,2014-02-23
7.734661169484996,36.26466428560154,5.325,-2.4096611694849956,-0.4001420092662025,16,-1101719.1637183726,1663080.6120445235,2014-02-23
7.908933873840215,36.26466358168484,2.7333333333333334,-5.175600540506881,-0.8594466499120534,17,-744016.031891973,1727449.5663826556,2014-02-23
7.687740494461541,36.26466465424402,6.022781321428571,-1.6649591730329698,-0.27647874891880325,18,-1075355.558845615,1969029.0688920591,2014-02-23
7.54635091764116,35.72672606517176,14.441666666666668,6.895315749025508,1.15360611129414,19,-731520.3669870156,1966992.3877918236,2014-02-23
8.397482537922391,35.15388043891955,12.166666666666668,3.7691841287442767,0.6357124517344281,20,-743466.6459182348,1944978.5298480187,2014-02-23
6.924635141688144,2.981160060826424,10.350000000000001,3.425364858311857,1.9838744796446754,1,-757025.9611524006,1903105.1372714953,2014-03-09
7.304707345805205,3.168797013354568,7.15,-0.15470734580520507,-0.08690879437497431,2,-766311.6382745274,1879040.326008466,2014-03-09
6.7981055388548235,3.377798122218187,10.25,3.4518944611451765,1.878194930886233,3,-767198.6179214683,1942180.4777782091,2014-03-09
6.881772136755647,3.377798122218187,8.850000000000001,1.9682278632443548,1.0709237020960924,4,-782420.9497166229,1927504.9481515924,2014-03-09
10.190161286000325,1.5156356437613334,10.05,-0.14016128600032474,-0.11384937962887295,5,-762056.0600764392,1895159.0578628443,2014-03-09
9.859776322357874,1.8850095042433226,8.975000000000001,-0.8847763223578724,-0.644431439237727,6,-763239.9700491212,1898457.655627201,2014-03-09
8.56899687097851,1.8852875003605019,11.950000000000001,3.381003129021492,2.462389658969718,7,-764597.4012900228,1893260.205027535,2014-03-09
6.9694169818872105,3.168797013354568,8.475,1.5055830181127892,0.8457801680624223,8,-771363.9500667664,1871652.3524933874,2014-03-09
7.228390899487631,3.377798122218187,3.05,-4.178390899487631,-2.273485674320209,9,-745868.8854113646,1846566.956502921,2014-03-09
7.007272033606882,3.377798122218187,6.75,-0.2572720336068821,-0.1399831410891204,10,-757998.5164247212,1793109.2823624632,2014-03-09
7.322682532091079,3.377798122218187,1.4722104285714286,-5.8504721035196505,-3.1832743358197897,11,-1022914.5420432015,1888816.2748672932,2014-03-09
7.267236105655871,3.377798122218187,2.4000000000000004,-4.867236105655871,-2.648290173401346,12,-1020759.4576988224,1628612.7672778761,2014-03-09
7.228390899487631,3.377798122218187,3.05,-4.178390899487631,-2.273485674320209,13,-1042334.2668231912,1627432.094682159,2014-03-09
6.824998373894375,3.377798122218187,9.8,2.975001626105626,1.6187148930608302,14,-761073.5930556873,1987363.5175071312,2014-03-09
7.202992110839167,3.377798122218187,3.475,-3.727992110839167,-2.028421194151773,15,-1073694.327079326,1853122.8679138906,2014-03-09
7.138748116022463,3.377798122218187,4.55,-2.5887481160224635,-1.4085522149022005,16,-1101719.1637183726,1663080.6120445235,2014-03-09
7.068527935641414,3.377798122218187,5.7250000000000005,-1.3435279356414132,-0.7310210050247593,17,-744016.031891973,1727449.5663826556,2014-03-09
7.075683916281999,3.377798122218187,5.605258392857143,-1.470425523424856,-0.8000666866929884,18,-1075355.558845615,1969029.0688920591,2014-03-09
6.709956801780741,3.377798122218187,11.725,5.015043198219258,2.7287128326472745,19,-731520.3669870156,1966992.3877918236,2014-03-09
6.678581827567934,3.377798122218187,12.25,5.571418172432066,3.031439543443577,20,-743466.6459182348,1944978.5298480187,2014-03-09
3.1394777495891786,0.8014358615556033,4.9,1.7605222504108218,1.966559687927313,1,-757025.9611524006,1903105.1372714953,2014-03-23
3.2538344346016514,0.8049243392325636,2.975,-0.27883443460165136,-0.31079131639137014,2,-766311.6382745274,1879040.326008466,2014-03-23
3.2691162361254467,0.8067354816914333,2.9416666666666664,-0.32744956945878023,-0.3645682508171803,3,-767198.6179214683,1942180.4777782091,2014-03-23
3.3066703572424467,0.8067354816914591,2.283333333333333,-1.0233370239091135,-1.1393393780289025,4,-782420.9497166229,1927504.9481515924,2014-03-23
3.8257935424745684,0.3603414597092882,4.271428571428571,0.445635028954003,0.7423730615769522,5,-762056.0600764392,1895159.0578628443,2014-03-23
3.791928641522949,0.5416235205065052,3.2083333333333335,-0.5835953081896155,-0.7929814605169707,6,-763239.9700491212,1898457.655627201,2014-03-23
3.9280143735924304,0.4876597732306599,4.458333333333334,0.5303189597409035,0.7594141551233682,7,-764597.4012900228,1893260.205027535,2014-03-23
3.2849578314727284,0.8049264319822165,2.55,-0.7349578314727285,-0.8191894065236307,8,-771363.9500667664,1871652.3524933874,2014-03-23
3.339946160748651,0.8067354817051827,1.7000000000000002,-1.639946160748651,-1.825845440082804,9,-745868.8854113646,1846566.956502921,2014-03-23
3.285278769382984,0.8067354817051827,2.658333333333333,-0.6269454360496507,-0.6980140525280483,10,-757998.5164247212,1793109.2823624632,2014-03-23
3.268425816331836,0.8067354817051827,2.953769904761905,-0.3146559115699312,-0.3503243430093987,11,-1022914.5420432015,1888816.2748672932,2014-03-23
3.3342417372168067,0.8067354817001382,1.8,-1.5342417372168067,-1.7081586865095435,12,-1020759.4576988224,1628612.7672778761,2014-03-23
3.325685102038829,0.8067354817001382,1.9500000000000002,-1.3756851020388288,-1.5316285562744574,13,-1042334.2668231912,1627432.094682159,2014-03-23
3.2909831928298363,0.8067354817051827,2.5583333333333336,-0.7326498594965027,-0.8157008060120226,14,-761073.5930556873,1987363.5175071312,2014-03-23
3.1773700925133626,0.8067354817051827,4.55,1.3726299074866373,1.52822703421047,15,-1073694.327079326,1853122.8679138906,2014-03-23
3.217301056641328,0.8067354817051827,3.85,0.632698943358672,0.7044197598226487,16,-1101719.1637183726,1663080.6120445235,2014-03-23
3.2277591662938905,0.8067354817051827,3.666666666666667,0.4389075003727765,0.48866071176869563,17,-744016.031891973,1727449.5663826556,2014-03-23
3.07613355717796,0.8067354817051827,6.324702321428571,3.248568764250611,3.6168165803044863,18,-1075355.558845615,1969029.0688920591,2014-03-23
3.253429071804727,0.8067354817051813,3.216666666666667,-0.036762405138060394,-0.04092967890919189,19,-731520.3669870156,1966992.3877918236,2014-03-23
3.242970962152075,0.8067354817051553,3.4000000000000004,0.15702903784792532,0.17482936914486458,20,-743466.6459182348,1944978.5298480187,2014-03-23
5.012891033707796,1.0958188057674076,5.025,0.012108966292204038,0.011567451722501391,1,-757025.9611524006,1903105.1372714953,2014-04-06
5.014543884905707,1.0963238230728403,5.033333333333333,0.01878944842762653,0.01794504722910469,2,-766311.6382745274,1879040.326008466,2014-04-06
5.0623736128076455,1.0965986378115897,4.141666666666667,-0.9207069461409789,-0.8792200202200225,3,-767198.6179214683,1942180.4777782091,2014-04-06
5.0773457413665355,1.0965986385493942,3.8666666666666667,-1.2106790746998688,-1.1561260449277626,4,-782420.9497166229,1927504.9481515924,2014-04-06
5.412602508055501,0.9990289158261784,5.621428571428572,0.20882606337307053,0.20892753112195905,5,-762056.0600764392,1895159.0578628443,2014-04-06
5.139799046252039,1.052476225600154,4.808333333333334,-0.3314657129187051,-0.3230966567170381,6,-763239.9700491212,1898457.655627201,2014-04-06
5.058621710256367,1.033719498799231,7.258333333333333,2.1997116230769658,2.1635373421305077,7,-764597.4012900228,1893260.205027535,2014-04-06
4.999877588496418,1.0963265530097235,5.291666666666666,0.2917890781702477,0.27867567744931426,8,-771363.9500667664,1871652.3524933874,2014-04-06
5.090503122331367,1.0965986467081532,3.625,-1.4655031223313673,-1.3994677514083613,9,-745868.8854113646,1846566.956502921,2014-04-06
4.985698350259825,1.0965986467081763,5.550000000000001,0.5643016497401758,0.5388742943253444,10,-757998.5164247212,1793109.2823624632,2014-04-06
5.134432772484112,1.0965986467081763,2.818122842857143,-2.3163099296269687,-2.2119373199444583,11,-1022914.5420432015,1888816.2748672932,2014-04-06
5.0673643464816704,1.0965986412559614,4.050000000000001,-1.0173643464816697,-0.9715220501258235,12,-1020759.4576988224,1628612.7672778761,2014-04-06
5.0768920605418755,1.0965986412559614,3.875,-1.2018920605418755,-1.147734970982327,13,-1042334.2668231912,1627432.094682159,2014-04-06
5.066457005795462,1.0965986467081574,4.066666666666666,-0.9997903391287952,-0.9547399227335156,14,-761073.5930556873,1987363.5175071312,2014-04-06
5.069632907979441,1.0965986467081763,4.008333333333333,-1.0612995746461085,-1.0134775604830073,15,-1073694.327079326,1853122.8679138906,2014-04-06
4.914921101588148,1.0965986467081763,6.85,1.9350788984118514,1.8478845070286012,16,-1101719.1637183726,1663080.6120445235,2014-04-06
4.854125259780427,1.0965986467081763,7.966666666666667,3.1125414068862396,2.9722907153762708,17,-744016.031891973,1727449.5663826556,2014-04-06
4.916886220230939,1.0965986467081763,6.813905714285714,1.897019494054775,1.8115400542438085,18,-1075355.558845615,1969029.0688920591,2014-04-06
5.007475965274938,1.0965986464387913,5.15,0.1425240347250627,0.13610192116515177,19,-731520.3669870156,1966992.3877918236,2014-04-06
5.014735164861396,1.0965986457009274,5.016666666666667,0.0019315018052710187,0.0018444685980641762,20,-743466.6459182348,1944978.5298480187,2014-04-06
4.441111781912186,0.9757987140307707,5.7250000000000005,1.2838882180878146,1.299711892361395,1,-757025.9611524006,1903105.1372714953,2014-04-20
4.478677511222513,0.976490151930816,4.949999999999999,0.4713224887774867,0.4769624927114563,2,-766311.6382745274,1879040.326008466,2014-04-20
4.477765730586953,0.9768419639922626,5.025,0.547234269413047,0.553682927247055,3,-767198.6179214683,1942180.4777782091,2014-04-20
4.517971421625198,0.9768419640119832,4.3,-0.21797142162519823,-0.22054001645377616,4,-782420.9497166229,1927504.9481515924,2014-04-20
5.276011586285165,0.7515563101430172,5.107142857142858,-0.16886872914230722,-0.19479081391289055,5,-762056.0600764392,1895159.0578628443,2014-04-20
4.631102594600626,0.8723101318068424,4.725,0.09389740539937375,0.10053519704941859,6,-763239.9700491212,1898457.655627201,2014-04-20
4.666235383988654,0.829801760475901,6.625,1.9587646160113463,2.15028029052248,7,-764597.4012900228,1893260.205027535,2014-04-20
4.564820644544469,0.9764911634874013,3.4750000000000005,-1.089820644544468,-1.1028612348707771,8,-771363.9500667664,1871652.3524933874,2014-04-20
4.603928407217391,0.976841964531535,2.75,-1.8539284072173912,-1.8757752657417586,9,-745868.8854113646,1846566.956502921,2014-04-20
4.5207442251846794,0.976841964531535,4.25,-0.27074422518467944,-0.27393469940195353,10,-757998.5164247212,1793109.2823624632,2014-04-20
4.5540399087964065,0.976841964531535,3.649603095238095,-0.9044368135583114,-0.9150947780369371,11,-1022914.5420432015,1888816.2748672932,2014-04-20
4.576200339954474,0.9768419642305428,3.25,-1.3262003399544744,-1.3418284038389356,12,-1020759.4576988224,1628612.7672778761,2014-04-20
4.623338045322271,0.9768419642305428,2.4000000000000004,-2.2233380453222704,-2.2495380604800426,13,-1042334.2668231912,1627432.094682159,2014-04-20
4.47222011899893,0.976841964531535,5.125,0.6527798810010701,0.6604722976296004,14,-761073.5930556873,1987363.5175071312,2014-04-20
4.5054937918120155,0.976841964531535,4.525,0.019506208187984875,0.01973607109367786,15,-1073694.327079326,1853122.8679138906,2014-04-20
4.5096530009136515,0.976841964531535,4.45,-0.05965300091365133,-0.060355957223313016,16,-1101719.1637183726,1663080.6120445235,2014-04-20
4.519357822150801,0.976841964531535,4.275,-0.2443578221508007,-0.24723735662962326,17,-744016.031891973,1727449.5663826556,2014-04-20
4.412118456183052,0.976841964531535,6.208769678571429,1.7966512223883768,1.817823121432776,18,-1075355.558845615,1969029.0688920591,2014-04-20
4.49856177669248,0.9768419645265872,4.65,0.15143822330752066,0.15322278490527194,19,-731520.3669870156,1966992.3877918236,2014-04-20
4.450037670590544,0.9768419645068667,5.525,1.0749623294094564,1.0876297818653695,20,-743466.6459182348,1944978.5298480187,2014-04-20
4.047290603555055,1.0142782128307422,5.050000000000001,1.0027093964449456,0.9956267038967118,1,-757025.9611524006,1903105.1372714953,2014-05-04
4.131113443013309,1.0153043903318997,3.816666666666667,-0.31444677634664187,-0.3120678398133558,2,-766311.6382745274,1879040.326008466,2014-05-04
4.132024007485358,1.015869502421124,3.8583333333333334,-0.2736906741520242,-0.27154451706257293,3,-767198.6179214683,1942180.4777782091,2014-05-04
4.155934841618396,1.0158695024772408,3.5,-0.6559348416183957,-0.6507913005757987,4,-782420.9497166229,1927504.9481515924,2014-05-04
4.624909905779165,0.7529446023702614,4.65,0.02509009422083519,0.02891483910681546,5,-762056.0600764392,1895159.0578628443,2014-05-04
4.255076705908165,0.8902232553001709,3.7333333333333334,-0.5217433725748313,-0.5529775163534132,6,-763239.9700491212,1898457.655627201,2014-05-04
4.284334672770731,0.8432678274548432,5.875,1.590665327229269,1.7321920813387939,7,-764597.4012900228,1893260.205027535,2014-05-04
4.168076326962198,1.0153063625170942,3.291666666666667,-0.8764096602955309,-0.8697783676706338,8,-771363.9500667664,1871652.3524933874,2014-05-04
4.199307980804426,1.0158695038054675,2.85,-1.3493079808044262,-1.3387273238365676,9,-745868.8854113646,1846566.956502921,2014-05-04
4.141477133275039,1.0158695038054675,3.716666666666667,-0.4248104666083723,-0.4214792969365977,10,-757998.5164247212,1793109.2823624632,2014-05-04
4.145181183171701,1.0158695038054675,3.6611569047619046,-0.48402427840979634,-0.48022878106832495,11,-1022914.5420432015,1888816.2748672932,2014-05-04
4.13647254070038,1.0158695038054675,3.7916666666666665,-0.34480587403371343,-0.34210206383948455,12,-761073.5930556873,1987363.5175071312,2014-05-04
4.110893511985459,1.0158695038054675,4.175,0.06410648801454055,0.06360379421242458,13,-1073694.327079326,1853122.8679138906,2014-05-04
4.085870549112167,1.0158695038054675,4.55,0.46412945088783264,0.460489959697988,14,-1101719.1637183726,1663080.6120445235,2014-05-04
4.075305298121221,1.0158695038054675,4.708333333333334,0.6330280352121127,0.6280641184585605,15,-744016.031891973,1727449.5663826556,2014-05-04
4.087538746726635,1.0158695037907421,4.525,0.4374612532733657,0.43403088191321776,16,-731520.3669870156,1966992.3877918236,2014-05-04
4.066964310484463,1.0158695037346253,4.833333333333334,0.7663690228488713,0.7603595069924914,17,-743466.6459182348,1944978.5298480187,2014-05-04
4.635137247331378,0.6815817092194769,5.216666666666667,0.5815294193352889,0.7043892619639952,1,-757025.9611524006,1903105.1372714953,2014-05-18
4.824308814675174,0.7795349517124339,3.941666666666667,-0.8826421480085069,-0.9996934944968086,2,-766311.6382745274,1879040.326008466,2014-05-18
4.983137222598391,0.9805407427178077,5.875,0.8918627774016086,0.9006690034529591,3,-767198.6179214683,1942180.4777782091,2014-05-18
5.079099236055177,0.9805407427178077,4.333333333333333,-0.7457659027218444,-0.7531295726575846,4,-782420.9497166229,1927504.9481515924,2014-05-18
5.70756340258875,0.24646150823062882,5.264285714285714,-0.44327768830303604,-0.8928969128022421,5,-762056.0600764392,1895159.0578628443,2014-05-18
5.439727040809081,0.3365381797305116,5.025,-0.4147270408090806,-0.7148998109652656,6,-763239.9700491212,1898457.655627201,2014-05-18
5.104482314581907,0.3336793965033862,6.241666666666667,1.13718435208476,1.9686394300768766,7,-764597.4012900228,1893260.205027535,2014-05-18
4.530584263109661,0.7903213245892331,4.050000000000001,-0.4805842631096606,-0.5405896112715133,8,-771363.9500667664,1871652.3524933874,2014-05-18
5.152756565303086,0.9805407427178077,3.1500000000000004,-2.002756565303086,-2.022531722969458,9,-745868.8854113646,1846566.956502921,2014-05-18
5.113334332747867,0.9805407427178077,3.783333333333333,-1.3300009994145334,-1.3431333889997223,10,-757998.5164247212,1793109.2823624632,2014-05-18
5.080204321263796,0.9805407427178077,4.315579714285715,-0.7646246069780815,-0.772174487188456,11,-1022914.5420432015,1888816.2748672932,2014-05-18
5.081174090400188,0.9805407427178077,4.3,-0.7811740904001878,-0.7888873797086219,12,-1020759.4576988224,1628612.7672778761,2014-05-18
5.081174090400188,0.9805407427178077,4.3,-0.7811740904001878,-0.7888873797086219,13,-1042334.2668231912,1627432.094682159,2014-05-18
5.092585789297751,0.9805407427178077,4.116666666666667,-0.9759191226310842,-0.9855553184893344,14,-761073.5930556873,1987363.5175071312,2014-05-18
5.096735497987774,0.9805407427178077,4.05,-1.0467354979877745,-1.0570709325914125,15,-1073694.327079326,1853122.8679138906,2014-05-18
4.95045826666446,0.9805407427178077,6.4,1.4495417333355407,1.4638544645068194,16,-1101719.1637183726,1663080.6120445235,2014-05-18
4.980543654667127,0.9805407427178077,5.916666666666667,0.9361230119995403,0.9453662622667581,17,-744016.031891973,1727449.5663826556,2014-05-18
4.804649534858678,0.9805407427178077,8.742473375,3.9378238401413217,3.9767057934701873,18,-1075355.558845615,1969029.0688920591,2014-05-18
5.060425546950071,0.9805407427178077,4.633333333333334,-0.42709221361673766,-0.43130930919823324,19,-731520.3669870156,1966992.3877918236,2014-05-18
4.909998606936732,0.9805407427178077,7.050000000000001,2.140001393063269,2.161131702002078,20,-743466.6459182348,1944978.5298480187,2014-05-18
6.308915580810645,0.7533032897321551,6.9,0.5910844191893556,0.6810273909541423,1,-757025.9611524006,1903105.1372714953,2014-06-01
6.180271120929516,0.7301937939456199,5.050000000000001,-1.1302711209295149,-1.3227067277695197,2,-766311.6382745274,1879040.326008466,2014-06-01
5.269973500869021,0.9520615368920985,4.775,-0.4949735008690208,-0.5072819842243462,3,-767198.6179214683,1942180.4777782091,2014-06-01
5.022624727472971,1.2329358860797062,5.425,0.40237527252702865,0.3623773436369345,4,-782420.9497166229,1927504.9481515924,2014-06-01
6.438359756205317,0.629701077948094,6.314285714285715,-0.12407404191960225,-0.15635569774453162,5,-762056.0600764392,1895159.0578628443,2014-06-01
6.486091292050774,0.6389665901700619,5.875,-0.6110912920507738,-0.7644815697038418,6,-763239.9700491212,1898457.655627201,2014-06-01
5.905917009839376,0.638984024546696,7.6000000000000005,1.6940829901606245,2.119286548871969,7,-764597.4012900228,1893260.205027535,2014-06-01
6.109355019059761,0.9156532322882733,4.725,-1.384355019059761,-1.4467115982198133,8,-771363.9500667664,1871652.3524933874,2014-06-01
5.284969485753552,1.6533322714600902,8.700000000000001,3.4150305142464488,2.6559171123754894,9,-745868.8854113646,1846566.956502921,2014-06-01
6.833882947132935,2.270925882259646,4.95,-1.8838829471329346,-1.2501221058976562,10,-757998.5164247212,1793109.2823624632,2014-06-01
6.092696343887401,3.898103821400021,4.94801580952381,-1.1446805343635917,-0.5797724796636561,11,-1022914.5420432015,1888816.2748672932,2014-06-01
3.8367956708775655,34.345638078251014,3.8500000000000005,0.013204329122435077,0.0022531004076393954,12,-1042334.2668231912,1627432.094682159,2014-06-01
4.262498845817236,2.2774673784297237,4.45,0.18750115418276447,0.12424469746326824,13,-761073.5930556873,1987363.5175071312,2014-06-01
5.681817719096323,4.774010866956471,5.7250000000000005,0.04318228090367793,0.019763500842033335,14,-1073694.327079326,1853122.8679138906,2014-06-01
4.727413985347521,6.502727075242405,5.575,0.847586014652479,0.33238086889044066,15,-744016.031891973,1727449.5663826556,2014-06-01
5.191115440829383,11.489949838882268,9.14911775,3.9580023091706176,1.1676615428890942,16,-1075355.558845615,1969029.0688920591,2014-06-01
5.238946689973849,1.533855776008637,4.475,-0.7639466899738494,-0.6168375314621342,17,-731520.3669870156,1966992.3877918236,2014-06-01
5.266248809140027,1.0316589475716627,5.2250000000000005,-0.04124880914002649,-0.04061096789779908,18,-743466.6459182348,1944978.5298480187,2014-06-01
6.727017162645169,1.1770964135689421,8.391666666666667,1.6646495040214981,1.534322972341546,1,-757025.9611524006,1903105.1372714953,2014-06-15
6.568896333446573,1.1898007196740807,6.091666666666667,-0.4772296667799063,-0.4375123532554305,2,-766311.6382745274,1879040.326008466,2014-06-15
6.188424162747672,1.3387456326296925,5.441666666666666,-0.7467574960810053,-0.6454023721410509,3,-767198.6179214683,1942180.4777782091,2014-06-15
6.059312890817128,1.3549185162959074,6.5,0.44068710918287213,0.37859402702421474,4,-782420.9497166229,1927504.9481515924,2014-06-15
7.25364951924723,1.0800826708858589,7.0357142857142865,-0.21793523353294386,-0.20970025042241391,5,-762056.0600764392,1895159.0578628443,2014-06-15
7.235788100217233,1.088435799382879,7.2250000000000005,-0.010788100217232532,-0.010340548202870017,6,-763239.9700491212,1898457.655627201,2014-06-15
6.715726446687017,1.0939858779905338,8.925,2.2092735533129835,2.112241814785883,7,-764597.4012900228,1893260.205027535,2014-06-15
6.173372330089966,1.253927899516246,6.108333333333333,-0.06503899675663227,-0.05808146348943605,8,-771363.9500667664,1871652.3524933874,2014-06-15
6.170168658056069,1.388904203962659,4.5,-1.6701686580560686,-1.417177287122667,9,-745868.8854113646,1846566.956502921,2014-06-15
6.103713433378956,1.3944318235388942,5.608333333333334,-0.4953801000456215,-0.4195076778420346,10,-757998.5164247212,1793109.2823624632,2014-06-15
6.112779377019064,1.3946484488524011,5.505382866666666,-0.6073965103523973,-0.514327704457473,11,-1022914.5420432015,1888816.2748672932,2014-06-15
5.986208757803123,1.363574596843016,4.75,-1.236208757803123,-1.058649910372853,12,-1020759.4576988224,1628612.7672778761,2014-06-15
6.010429985185361,1.363548840613751,4.6,-1.4104299851853614,-1.2078588426647678,13,-1042334.2668231912,1627432.094682159,2014-06-15
6.129959866634865,1.3890436514053472,4.883333333333333,-1.2466265333015318,-1.0577387606146387,14,-761073.5930556873,1987363.5175071312,2014-06-15
6.103830677669499,1.3946487596123909,5.641666666666667,-0.462164011002832,-0.39134852493816097,15,-1073694.327079326,1853122.8679138906,2014-06-15
5.995853849253031,1.3947098920181233,7.3,1.304146150746969,1.1042930103324233,16,-1101719.1637183726,1663080.6120445235,2014-06-15
6.0904579891822435,1.394697088566793,5.85,-0.24045798918224381,-0.20361007499107142,17,-744016.031891973,1727449.5663826556,2014-06-15
5.893921812747192,1.3947359962238974,8.866964285714285,2.9730424729670935,2.517416699475355,18,-1075355.558845615,1969029.0688920591,2014-06-15
6.113558597660792,1.3713823864404469,5.308333333333334,-0.8052252643274587,-0.6876035480789557,19,-731520.3669870156,1966992.3877918236,2014-06-15
5.959427073922642,1.3526827530245198,6.3916666666666675,0.43223959274402546,0.37164352356019437,20,-743466.6459182348,1944978.5298480187,2014-06-15
6.965468709462923,0.8480073609723591,6.125,-0.8404687094629226,-0.9126867345232931,1,-757025.9611524006,1903105.1372714953,2014-06-29
6.465720581960861,1.0184972486017265,5.616666666666667,-0.8490539152941938,-0.8413086204899989,2,-766311.6382745274,1879040.326008466,2014-06-29
6.28403329362185,1.5336877265591329,4.966666666666667,-1.3173666269551836,-1.0637466028367548,3,-767198.6179214683,1942180.4777782091,2014-06-29
6.288098977103976,1.538772914444261,4.808333333333334,-1.4797656437706426,-1.1929044902355777,4,-782420.9497166229,1927504.9481515924,2014-06-29
7.580756161257749,0.1146671660137828,7.6571428571428575,0.07638669588510805,0.22557874982218473,5,-762056.0600764392,1895159.0578628443,2014-06-29
7.378633542723743,0.2403807140082349,7.633333333333333,0.2546997906095898,0.5194918965931262,6,-763239.9700491212,1898457.655627201,2014-06-29
7.571096476424965,0.20293732127753464,7.550000000000001,-0.021096476424964372,-0.04683051813759194,7,-764597.4012900228,1893260.205027535,2014-06-29
5.8667770003698125,1.105778467448781,6.466666666666667,0.5998896662968543,0.5704759187448155,8,-771363.9500667664,1871652.3524933874,2014-06-29
6.397700540005871,1.5506662801689708,4.225,-2.172700540005871,-1.7447801059458101,9,-745868.8854113646,1846566.956502921,2014-06-29
6.221788986691517,1.5508540018098478,6.941666666666667,0.7198776799751503,0.5780604422647051,10,-757998.5164247212,1793109.2823624632,2014-06-29
6.310558220905209,1.5508545462456447,5.571031761904761,-0.739526459000448,-0.5938382711553147,11,-1022914.5420432015,1888816.2748672932,2014-06-29
6.190653365309898,1.540365166456501,7.425000000000001,1.2343466346901026,0.9945469567677916,12,-1020759.4576988224,1628612.7672778761,2014-06-29
6.324376660091628,1.5403651610922384,6.125,-0.19937666009162758,-0.16064324665146043,13,-1042334.2668231912,1627432.094682159,2014-06-29
6.3518118361658535,1.5506521860719809,4.916666666666666,-1.4351451694991875,-1.152493900754831,14,-761073.5930556873,1987363.5175071312,2014-06-29
6.317856702686828,1.5508545462463084,5.458333333333334,-0.8595233693534938,-0.6901955507639943,15,-1073694.327079326,1853122.8679138906,2014-06-29
6.195350905778071,1.550854598559272,7.35,1.154649094221929,0.927180903393139,16,-1101719.1637183726,1663080.6120445235,2014-06-29
6.0852574346241894,1.550854592804623,9.05,2.9647425653758113,2.3806823293318966,17,-744016.031891973,1727449.5663826556,2014-06-29
6.153603252190485,1.5508546037917739,7.994642892857144,1.8410396406666587,1.478351130987142,18,-1075355.558845615,1969029.0688920591,2014-06-29
6.333676739142323,1.5467864758940464,5.358333333333334,-0.9753434058089887,-0.7842280446679908,19,-731520.3669870156,1966992.3877918236,2014-06-29
6.177952082587077,1.5417175022551852,6.933333333333334,0.7553812507462565,0.6083644103662809,20,-743466.6459182348,1944978.5298480187,2014-06-29
8.788924952390264,4.335429944937048,10.9,2.111075047609736,1.0138824043048313,1,-757025.9611524006,1903105.1372714953,2014-07-13
8.751038971511647,4.338717075226332,8.350000000000001,-0.401038971511646,-0.19253332556950042,2,-766311.6382745274,1879040.326008466,2014-07-13
8.104003174494448,4.608136899284024,9.45,1.3459968255055514,0.6270199358473931,3,-767198.6179214683,1942180.4777782091,2014-07-13
8.120044666488994,4.663476560874519,8.45,0.3299553335110055,0.15279187263504848,4,-782420.9497166229,1927504.9481515924,2014-07-13
9.387878043329385,4.166676267737823,8.597619047619048,-0.790258995710337,-0.38714581478543625,5,-762056.0600764392,1895159.0578628443,2014-07-13
8.957388249226044,4.190166959307788,11.15,2.192611750773956,1.0711395946158702,6,-763239.9700491212,1898457.655627201,2014-07-13
8.73211013603145,4.181255029364359,12.175,3.442889863968551,1.6837197312379404,7,-764597.4012900228,1893260.205027535,2014-07-13
8.245405831646128,4.476083371308065,8.5,0.25459416835387216,0.12033705202522053,8,-771363.9500667664,1871652.3524933874,2014-07-13
8.149194632687436,4.766231513743514,4.15,-3.999194632687436,-1.8318291848900965,9,-745868.8854113646,1846566.956502921,2014-07-13
7.945420529916568,4.774234798518819,7.449999999999999,-0.4954205299165686,-0.22673685195515858,10,-757998.5164247212,1793109.2823624632,2014-07-13
8.047894958761198,4.774234798518819,5.8126984761904765,-2.2351964825707213,-1.0229721688051097,11,-1022914.5420432015,1888816.2748672932,2014-07-13
7.750967293104898,4.679758861546164,4.35,-3.400967293104898,-1.5721381903434535,12,-1020759.4576988224,1628612.7672778761,2014-07-13
7.735826177817025,4.679758861546164,4.45,-3.2858261778170252,-1.5189128197290998,13,-1042334.2668231912,1627432.094682159,2014-07-13
7.850998584474383,4.765321634436587,9.55,1.6990014155256175,0.77830107698568,14,-761073.5930556873,1987363.5175071312,2014-07-13
8.028348821526055,4.774234798518819,6.125,-1.9033488215260554,-0.8710969649119217,15,-1073694.327079326,1853122.8679138906,2014-07-13
8.155088286061309,4.774234798518819,4.1,-4.055088286061309,-1.8558737413175408,16,-1101719.1637183726,1663080.6120445235,2014-07-13
7.887527194264662,4.774234798518819,8.375,0.48747280573533835,0.2230994533165444,17,-744016.031891973,1727449.5663826556,2014-07-13
7.732775663749894,4.774234798518819,10.84756725,3.1147915862501065,1.4255324438849923,18,-1075355.558845615,1969029.0688920591,2014-07-13
8.01309589766874,4.699117662154126,10.325000000000001,2.311904102331262,1.0665019548668029,19,-731520.3669870156,1966992.3877918236,2014-07-13
8.118724619431173,4.636085199861669,10.5,2.3812753805688267,1.1059459883126024,20,-743466.6459182348,1944978.5298480187,2014-07-13
7.76065585988394,1.358364387650953,7.733333333333334,-0.02732252655060563,-0.02344297438925739,1,-757025.9611524006,1903105.1372714953,2014-07-27
7.4982587137445735,1.371699840711477,9,1.5017412862554265,1.2822289454506652,2,-766311.6382745274,1879040.326008466,2014-07-27
7.489750615881861,1.3796452117230604,8.325,0.8352493841181383,0.7111029086925503,3,-767198.6179214683,1942180.4777782091,2014-07-27
7.525807189660929,1.3796452117362579,7.7,0.17419281033907108,0.14830183231518626,4,-782420.9497166229,1927504.9481515924,2014-07-27
10.024062255896137,0.49636062647692664,9.25,-0.774062255896137,-1.0986952053822407,5,-762056.0600764392,1895159.0578628443,2014-07-27
8.355827181090023,0.808062254605096,10.325,1.9691728189099766,2.1905916201198203,6,-763239.9700491212,1898457.655627201,2014-07-27
8.391045450021945,0.7222256349059267,9.908333333333333,1.517287883311388,1.7853835952113266,7,-764597.4012900228,1893260.205027535,2014-07-27
7.542073070311515,1.3717278091960865,8.525,0.9829269296884853,0.8392421006999875,8,-771363.9500667664,1871652.3524933874,2014-07-27
7.644072716975973,1.3796452137718584,5.65,-1.9940727169759729,-1.6976856674133607,9,-745868.8854113646,1846566.956502921,2014-07-27
7.521480390738175,1.3796452137718584,7.775,0.2535196092618257,0.2158379698934635,10,-757998.5164247212,1793109.2823624632,2014-07-27
7.593055532374779,1.3796452137718584,6.534325476190476,-1.0587300561843023,-0.9013667489366133,11,-1022914.5420432015,1888816.2748672932,2014-07-27
7.710416775586384,1.3796452128607752,4.5,-3.210416775586384,-2.7332396164576305,12,-1020759.4576988224,1628612.7672778761,2014-07-27
7.74214655708738,1.3796452128607752,3.95,-3.7921465570873796,-3.2285045605493043,13,-1042334.2668231912,1627432.094682159,2014-07-27
7.4988849423727775,1.3796452137718584,8.166666666666668,0.6677817242938904,0.5685266402990349,14,-761073.5930556873,1987363.5175071312,2014-07-27
7.588785981613829,1.3796452137718584,6.608333333333334,-0.9804526482804947,-0.8347240270593024,15,-1073694.327079326,1853122.8679138906,2014-07-27
7.791183508461328,1.3796452137718584,3.1,-4.691183508461329,-3.9939140321815474,16,-1101719.1637183726,1663080.6120445235,2014-07-27
7.586382210511125,1.3796452137718584,6.65,-0.936382210511125,-0.7972039557395598,17,-744016.031891973,1727449.5663826556,2014-07-27
7.302430973772689,1.3796452137718584,11.571975107142858,4.269544133370169,3.6349446135562724,18,-1075355.558845615,1969029.0688920591,2014-07-27
7.47580873981138,1.3796452137705195,8.566666666666666,1.0908579268552865,0.9287193249481107,19,-731520.3669870156,1966992.3877918236,2014-07-27
7.383023175330387,1.379645213757322,10.175,2.7919768246696135,2.3769940778312906,20,-743466.6459182348,1944978.5298480187,2014-07-27
6.483856477758046,1.485613937187555,7.475,0.9911435222419538,0.8131741499993507,1,-757025.9611524006,1903105.1372714953,2014-08-10
6.57998595617954,1.504443474924024,6.108333333333333,-0.47165262284620635,-0.384533619950707,2,-766311.6382745274,1879040.326008466,2014-08-10
6.357183432597943,1.6127994028715908,5.225,-1.1321834325979436,-0.8915108201455978,3,-767198.6179214683,1942180.4777782091,2014-08-10
6.616808858690213,1.8583177806004862,5.533333333333334,-1.0834755253568789,-0.794802298414538,4,-782420.9497166229,1927504.9481515924,2014-08-10
6.662535127822572,1.4532054887972312,6.45,-0.212535127822572,-0.1763060460476145,5,-762056.0600764392,1895159.0578628443,2014-08-10
6.557792732848719,1.4514626801230173,7.15,0.5922072671512817,0.4915535031787629,6,-763239.9700491212,1898457.655627201,2014-08-10
6.264374547319351,1.453577342608624,8.925,2.66062545268065,2.206808606271441,7,-764597.4012900228,1893260.205027535,2014-08-10
6.544634352674908,1.6216253429958203,5.908333333333333,-0.636301019341575,-0.4996746966614896,8,-771363.9500667664,1871652.3524933874,2014-08-10
6.8150774333239905,2.0453805057343333,4.449999999999999,-2.3650774333239912,-1.6537060224836484,9,-745868.8854113646,1846566.956502921,2014-08-10
4.967157689878932,2.6253814542220044,6.008333333333333,1.0411756434544008,0.6425808718248691,10,-757998.5164247212,1793109.2823624632,2014-08-10
6.606190982886376,4.3445004387181525,5.439157274509803,-1.1670337083765725,-0.5599038806894374,11,-1022914.5420432015,1888816.2748672932,2014-08-10
4.971580360363091,2.8604474970906293,5.1,0.12841963963690883,0.07593018473447379,12,-1020759.4576988224,1628612.7672778761,2014-08-10
5.0535108938578395,2.28067959588499,4.949999999999999,-0.10351089385784018,-0.06854154983875878,13,-1042334.2668231912,1627432.094682159,2014-08-10
5.345594557046484,2.7037532251400465,5.641666666666667,0.2960721096201828,0.180058643071954,14,-761073.5930556873,1987363.5175071312,2014-08-10
5.869059000171273,4.938189159463289,5.316666666666666,-0.5523923335046064,-0.2485786251217441,15,-1073694.327079326,1853122.8679138906,2014-08-10
4.97620070411819,5.8359453588538805,4.825000000000001,-0.15120070411818887,-0.06258902771838754,16,-1101719.1637183726,1663080.6120445235,2014-08-10
5.683898827480131,5.9196589346653585,5.25,-0.43389882748013076,-0.17833645684532043,17,-744016.031891973,1727449.5663826556,2014-08-10
5.263377590861594,8.951663965922478,9.475392671428573,4.212015080566979,1.4077905057750193,18,-1075355.558845615,1969029.0688920591,2014-08-10
6.002353703947571,2.2549566297596013,5.575,-0.42735370394757055,-0.2845891743751262,19,-731520.3669870156,1966992.3877918236,2014-08-10
6.095915003742854,1.696413793150867,6.233333333333334,0.1374183295904805,0.10550639100344782,20,-743466.6459182348,1944978.5298480187,2014-08-10
6.623351748430519,1.2185598115633411,7.75,1.1266482515694811,1.0206219908333503,1,-757025.9611524006,1903105.1372714953,2014-08-24
5.228785356365395,0.9541724611473824,5.025,-0.20378535636539485,-0.2086217260219102,2,-766311.6382745274,1879040.326008466,2014-08-24
5.709847779115826,2.866372229495634,5.525,-0.18484777911582562,-0.10918122010406422,3,-767198.6179214683,1942180.4777782091,2014-08-24
5.386341000694117,3.3646643985953486,5.175000000000001,-0.21134100069411588,-0.11521602372402355,4,-782420.9497166229,1927504.9481515924,2014-08-24
7.453337668628524,0.5451862216109381,6.521428571428571,-0.9319090971999531,-1.262121356550042,5,-762056.0600764392,1895159.0578628443,2014-08-24
7.43845093840628,0.5832989662263743,7.075,-0.36345093840628007,-0.47588300043946136,6,-763239.9700491212,1898457.655627201,2014-08-24
6.440142523796673,0.6050763383590884,7.9,1.459857476203327,1.8767454570469397,7,-764597.4012900228,1893260.205027535,2014-08-24
4.472880618703001,1.456153429835531,4,-0.4728806187030008,-0.3918753497766911,8,-771363.9500667664,1871652.3524933874,2014-08-24
4.7923263859976934,4.498127578895669,1.9500000000000002,-2.8423263859976933,-1.340164353823504,9,-745868.8854113646,1846566.956502921,2014-08-24
4.814772431359355,4.7261564558769065,4.825,0.010227568640645224,0.004704552892671932,10,-757998.5164247212,1793109.2823624632,2014-08-24
4.913318945587925,4.7445226802817535,4.595502619047619,-0.31781632654030556,-0.145908280718094,11,-1022914.5420432015,1888816.2748672932,2014-08-24
4.170665814278384,3.5846102548387098,5.1000000000000005,0.9293341857216166,0.49085242577180094,12,-1020759.4576988224,1628612.7672778761,2014-08-24
5.0352632875998395,3.5814717467119555,3.35,-1.6852632875998395,-0.8905062980260985,13,-1042334.2668231912,1627432.094682159,2014-08-24
4.651424324596462,4.488102775879998,5.7,1.048575675403538,0.4949580386654047,14,-761073.5930556873,1987363.5175071312,2014-08-24
4.975880962453146,4.7447129283522775,3.95,-1.0258809624531455,-0.4709686507072305,15,-1073694.327079326,1853122.8679138906,2014-08-24
4.964996091832658,4.752082131419707,4,-0.9649960918326581,-0.4426735622801275,16,-1101719.1637183726,1663080.6120445235,2014-08-24
4.968135997695484,4.749762933811833,4.1,-0.8681359976954841,-0.39833805440704356,17,-744016.031891973,1727449.5663826556,2014-08-24
4.544477927732239,4.755687383715951,8.980965357142857,4.436487429410618,2.0343824754385227,18,-1075355.558845615,1969029.0688920591,2014-08-24
5.559805576372162,3.7961140448486574,3.7,-1.8598055763721622,-0.9545483250613914,19,-731520.3669870156,1966992.3877918236,2014-08-24
4.84446312153747,3.197701297194232,6.425000000000001,1.5805368784625307,0.8838644919830495,20,-743466.6459182348,1944978.5298480187,2014-08-24
4.999818475710896,1.2319550960025718,6.166666666666666,1.1668481909557702,1.0512764071726233,1,-757025.9611524006,1903105.1372714953,2014-09-07
5.043887040514811,1.2332303601384287,5.258333333333333,0.214446292818522,0.19310629836695625,2,-766311.6382745274,1879040.326008466,2014-09-07
5.054644807848295,1.2336865008067073,5.1,0.045355192151705026,0.04083425202664652,3,-767198.6179214683,1942180.4777782091,2014-09-07
5.04435127655589,1.2336865008067073,5.283333333333333,0.23898205677744322,0.21516067010929,4,-782420.9497166229,1927504.9481515924,2014-09-07
6.605476563414587,0.7464829807611528,6.828571428571429,0.22309486515684185,0.25821390118241333,5,-762056.0600764392,1895159.0578628443,2014-09-07
5.595809957388122,0.9831470500429204,5.758333333333334,0.16252337594521205,0.16391043192665794,6,-763239.9700491212,1898457.655627201,2014-09-07
5.873491103057146,0.9044602844621911,8.008333333333333,2.1348422302761865,2.2447657866553157,7,-764597.4012900228,1893260.205027535,2014-09-07
5.089733268913957,1.2332304029744223,4.483333333333333,-0.6063999355806233,-0.5460558134027359,8,-771363.9500667664,1871652.3524933874,2014-09-07
5.10517668873827,1.2336865008067088,4.2,-0.90517668873827,-0.8149499821972279,9,-745868.8854113646,1846566.956502921,2014-09-07
5.071020880358934,1.2336865008067088,4.808333333333334,-0.2626875470256005,-0.23650323128664505,10,-757998.5164247212,1793109.2823624632,2014-09-07
5.071577888736788,1.2336865008067088,4.798412714285714,-0.2731651744510737,-0.24593646392519297,11,-1022914.5420432015,1888816.2748672932,2014-09-07
5.16132322306046,1.2336865008067084,3.2,-1.96132322306046,-1.7658213535570848,12,-1020759.4576988224,1628612.7672778761,2014-09-07
5.16413054977657,1.2336865008067084,3.15,-2.0141305497765702,-1.8133649221250783,13,-1042334.2668231912,1627432.094682159,2014-09-07
5.058855797922457,1.2336865008067088,5.025,-0.033855797922456965,-0.030481100825340706,14,-761073.5930556873,1987363.5175071312,2014-09-07
5.060259461280512,1.2336865008067088,5,-0.06025946128051185,-0.05425288510933724,15,-1073694.327079326,1853122.8679138906,2014-09-07
5.144479262763808,1.2336865008067088,3.5,-1.6444792627638076,-1.4805599421491316,16,-1101719.1637183726,1663080.6120445235,2014-09-07
5.11921332231882,1.2336865008067088,3.95,-1.1692133223188197,-1.052667825037194,17,-744016.031891973,1727449.5663826556,2014-09-07
4.827760643040529,1.2336865008067088,9.140929107142856,4.313168464102327,3.8832380537035642,18,-1075355.558845615,1969029.0688920591,2014-09-07
5.075699758219116,1.2336865008067088,4.725,-0.3506997582191165,-0.3157425122332999,19,-731520.3669870156,1966992.3877918236,2014-09-07
5.066809890284769,1.2336865008067088,4.883333333333334,-0.18347655695143494,-0.16518787843465466,20,-743466.6459182348,1944978.5298480187,2014-09-07
5.061685718369125,1.8532818768192363,6.575000000000001,1.5133142816308762,1.1116252199752101,1,-757025.9611524006,1903105.1372714953,2014-09-21
4.950279625226372,1.8860126876952132,4.841666666666667,-0.10861295855970532,-0.07908777158031598,2,-766311.6382745274,1879040.326008466,2014-09-21
4.7711728478460405,2.022352069300479,4.675,-0.09617284784604063,-0.06762761858224824,3,-767198.6179214683,1942180.4777782091,2014-09-21
4.770194563210229,2.0274679255262456,4.575,-0.19519456321022854,-0.13708524760437885,4,-782420.9497166229,1927504.9481515924,2014-09-21
6.497594707637958,1.240420059737466,6.5476190476190474,0.05002433998108913,0.044915576347055064,5,-762056.0600764392,1895159.0578628443,2014-09-21
6.213134859499593,1.4258828807728352,5.65,-0.5631348594995931,-0.4715964037946884,6,-763239.9700491212,1898457.655627201,2014-09-21
5.630865097250001,1.4159584907135376,8.283333333333333,2.6524682360833323,2.2290762816019596,7,-764597.4012900228,1893260.205027535,2014-09-21
4.8151278266952104,1.9158198834421336,4.233333333333333,-0.581794493361877,-0.42033181996862506,8,-771363.9500667664,1871652.3524933874,2014-09-21
4.833671883214385,2.038440834243621,3.325,-1.5086718832143848,-1.0566854836269184,9,-745868.8854113646,1846566.956502921,2014-09-21
4.6622634082607,2.0400427065789124,6.141666666666667,1.4794032584059664,1.0357786177485167,10,-757998.5164247212,1793109.2823624632,2014-09-21
4.793653974989831,2.040104397800254,4.003765864661654,-0.7898881103281772,-0.5530181444723261,11,-1022914.5420432015,1888816.2748672932,2014-09-21
4.778732205297472,2.030531757354352,3.3,-1.4787322052974723,-1.03773063637023,12,-1020759.4576988224,1628612.7672778761,2014-09-21
4.789982353030353,2.0305227806502684,3.175,-1.6149823530303529,-1.1333494756148723,13,-1042334.2668231912,1627432.094682159,2014-09-21
4.761713816517463,2.0385735409201975,4.516666666666667,-0.24504714985079623,-0.17162733703346386,14,-761073.5930556873,1987363.5175071312,2014-09-21
4.741231346047704,2.0401046290683116,4.858333333333333,0.11710198728562915,0.08198568785294956,15,-1073694.327079326,1853122.8679138906,2014-09-21
4.84126664702437,2.0401210499026186,3.2250000000000005,-1.6162666470243696,-1.1315794257154015,16,-1101719.1637183726,1663080.6120445235,2014-09-21
4.83069374037653,2.0401180823589447,3.4,-1.43069374037653,-1.0016569862051605,17,-744016.031891973,1727449.5663826556,2014-09-21
4.591931694672347,2.040130979611527,7.297526940476191,2.7055952458038437,1.894234759719348,18,-1075355.558845615,1969029.0688920591,2014-09-21
4.780072571992482,2.033400553467699,4.491666666666666,-0.2884059053258161,-0.20225193248843984,19,-731520.3669870156,1966992.3877918236,2014-09-21
4.6936754843872786,2.0275116072997506,5.641666666666667,0.9479911822793881,0.6657675495098999,20,-743466.6459182348,1944978.5298480187,2014-09-21
5.860350117110787,1.5435435989335344,7.7,1.839649882889213,1.4807294926754062,1,-757025.9611524006,1903105.1372714953,2014-10-05
4.8168803582639965,1.4549148480918581,4.6000000000000005,-0.216880358263996,-0.17980486319185512,2,-766311.6382745274,1879040.326008466,2014-10-05
4.790863180526895,2.5449451754016637,5.275,0.4841368194731057,0.30347917675590175,3,-767198.6179214683,1942180.4777782091,2014-10-05
4.690274974916022,2.679706351643756,5.4,0.7097250250839782,0.4335573129506104,4,-782420.9497166229,1927504.9481515924,2014-10-05
6.977118918166508,0.9719815550740428,5.978571428571429,-0.9985474895950794,-1.0128373595924387,5,-762056.0600764392,1895159.0578628443,2014-10-05
6.918238199873379,1.0061288558172061,6.575,-0.34323819987337867,-0.3421911814724411,6,-763239.9700491212,1898457.655627201,2014-10-05
5.867062344807364,1.0513067830801746,7.7,1.8329376551926364,1.7876519214635351,7,-764597.4012900228,1893260.205027535,2014-10-05
4.297281092894735,1.7745093174464945,3.6750000000000003,-0.6222810928947351,-0.46714043816129747,8,-771363.9500667664,1871652.3524933874,2014-10-05
4.390392723393072,2.9475520731299447,2.5,-1.890392723393072,-1.101086134405131,9,-745868.8854113646,1846566.956502921,2014-10-05
4.272869425887657,2.978075633721905,4.85,0.5771305741123429,0.33443076363012464,10,-757998.5164247212,1793109.2823624632,2014-10-05
4.400955321884796,2.9795214559672987,3.225829714285714,-1.1751256075990817,-0.680786651346153,11,-1022914.5420432015,1888816.2748672932,2014-10-05
3.887461504782097,2.7190734303066932,2.6500000000000004,-1.2374615047820967,-0.7504490801623735,12,-1020759.4576988224,1628612.7672778761,2014-10-05
3.9768703400425496,2.7189015656086113,2.35,-1.6268703400425495,-0.9866342763605893,13,-1042334.2668231912,1627432.094682159,2014-10-05
4.324298607491377,2.944268348187713,4.5,0.17570139250862304,0.10239682915635534,14,-761073.5930556873,1987363.5175071312,2014-10-05
4.37245442680638,2.9795240264709815,3.6,-0.7724544268063798,-0.44750657487115686,15,-1073694.327079326,1853122.8679138906,2014-10-05
4.425710672882213,2.9799722621409335,2.9,-1.5257106728822127,-0.8838245757834187,16,-1101719.1637183726,1663080.6120445235,2014-10-05
4.35957465577942,2.9798607017672043,3.8000000000000003,-0.5595746557794201,-0.32416047109981777,17,-744016.031891973,1727449.5663826556,2014-10-05
4.104501005736852,2.9801411338355837,7.202824642857143,3.0983236371202914,1.7947681928646881,18,-1075355.558845615,1969029.0688920591,2014-10-05
4.473954299088705,2.8041832276747503,4.375,-0.0989542990887049,-0.059092378819671304,19,-731520.3669870156,1966992.3877918236,2014-10-05
4.511382292627256,2.660648801723079,5.2250000000000005,0.7136177073727445,0.4374937383551235,20,-743466.6459182348,1944978.5298480187,2014-10-05
6.104805891367063,2.203913875943738,7.25,1.1451941086329374,0.7714038384173759,1,-757025.9611524006,1903105.1372714953,2014-10-19
5.301849052079758,2.1872912076056528,5.083333333333334,-0.21851571874642417,-0.14775064295526136,2,-766311.6382745274,1879040.326008466,2014-10-19
4.964361891328182,2.830216953112026,6.041666666666667,1.0773047753384848,0.6403666719935979,3,-767198.6179214683,1942180.4777782091,2014-10-19
5.317765368330515,2.9621025264704155,4.716666666666667,-0.6010987016638483,-0.3492575045488172,4,-782420.9497166229,1927504.9481515924,2014-10-19
6.65069298174331,1.8797037321901242,6.185714285714286,-0.4649786960290241,-0.33914729175324154,5,-762056.0600764392,1895159.0578628443,2014-10-19
6.707879328292475,1.9080514882798347,6.175,-0.5328793282924753,-0.3857747764654434,6,-763239.9700491212,1898457.655627201,2014-10-19
5.802408209757596,1.9156238707772517,8.658333333333333,2.8559251235757372,2.0634392955224232,7,-764597.4012900228,1893260.205027535,2014-10-19
5.062741562558592,2.4773334675994247,3.75,-1.3127415625585916,-0.8340402325594307,8,-771363.9500667664,1871652.3524933874,2014-10-19
4.820889488530947,3.2258517474230204,2.9,-1.9208894885309467,-1.0694984951549809,9,-745868.8854113646,1846566.956502921,2014-10-19
4.671056823809015,3.2840531742614947,5.975,1.3039431761909848,0.7195377365917326,10,-757998.5164247212,1793109.2823624632,2014-10-19
4.8818160425620984,3.288239542986037,3.3785714761904764,-1.503244566371622,-0.828987379455871,11,-1022914.5420432015,1888816.2748672932,2014-10-19
4.3762036506516075,3.0235455033211927,2.7,-1.6762036506516074,-0.9639811190251009,12,-1020759.4576988224,1628612.7672778761,2014-10-19
4.35985568271344,3.0227641776994396,2.75,-1.60985568271344,-0.9259441912470416,13,-1042334.2668231912,1627432.094682159,2014-10-19
4.81975295068246,3.224266498107276,5.408333333333333,0.5885803826508731,0.3277859373993733,14,-761073.5930556873,1987363.5175071312,2014-10-19
4.7961577946511245,3.288268730852439,4.458333333333334,-0.33782446131779054,-0.1862976778652781,15,-1073694.327079326,1853122.8679138906,2014-10-19
4.82253477865046,3.289731889119888,4.15,-0.6725347786504594,-0.37079553467476145,16,-1101719.1637183726,1663080.6120445235,2014-10-19
4.767187937053844,3.2893456050861802,4.9833333333333325,0.21614539627948837,0.11917666735140371,17,-744016.031891973,1727449.5663826556,2014-10-19
4.6658688662639,3.2905525519605403,6.287293035714286,1.6214241694503855,0.8938450242308805,18,-1075355.558845615,1969029.0688920591,2014-10-19
4.957427851394961,3.0703494719299766,5.291666666666666,0.3342388152717053,0.19074931106584828,19,-731520.3669870156,1966992.3877918236,2014-10-19
5.158811604771588,2.922108207872819,5.65,0.49118839522841196,0.2873425559688894,20,-743466.6459182348,1944978.5298480187,2014-10-19
7.659355130755227,3.8620598413456113,10.441666666666666,2.7823115359114396,1.4157815779986078,1,-757025.9611524006,1903105.1372714953,2014-11-02
6.156318188131696,3.5815511130558013,5.758333333333334,-0.397984854798362,-0.210295978974349,2,-766311.6382745274,1879040.326008466,2014-11-02
6.369574823523437,6.064080108115308,7.225,0.8554251764765626,0.34737580255941597,3,-767198.6179214683,1942180.4777782091,2014-11-02
6.151674211941679,6.423728490096017,5.741666666666667,-0.41000754527501204,-0.16177010254378224,4,-782420.9497166229,1927504.9481515924,2014-11-02
9.161860646755862,2.2317601472132966,7.764285714285714,-1.3975749324701479,-0.9355162665306134,5,-762056.0600764392,1895159.0578628443,2014-11-02
9.099857164000394,2.4660048412348194,8.166666666666668,-0.9331904973337259,-0.5942556852202052,6,-763239.9700491212,1898457.655627201,2014-11-02
7.483475385334872,2.511274353905725,10.383333333333333,2.899857947998461,1.8299096331342124,7,-764597.4012900228,1893260.205027535,2014-11-02
5.685925754932773,4.369938929908668,4.391666666666667,-1.2942590882661067,-0.6191324108477608,8,-771363.9500667664,1871652.3524933874,2014-11-02
6.129003966983324,7.107384517447788,2.975,-3.1540039669833235,-1.183061521259056,9,-745868.8854113646,1846566.956502921,2014-11-02
5.668591792389939,7.107384517447788,9.375,3.7064082076100613,1.3902674119640366,10,-757998.5164247212,1793109.2823624632,2014-11-02
6.133948780035714,7.107384517447788,2.9062641904761906,-3.227684589559524,-1.2106989974147018,11,-1022914.5420432015,1888816.2748672932,2014-11-02
5.533089461061456,6.467108887499604,3.6750000000000003,-1.8580894610614558,-0.7306536083591064,12,-1020759.4576988224,1628612.7672778761,2014-11-02
5.403608905305669,6.467108887499604,4.1,-1.3036089053056692,-0.5126160879285826,13,-1042334.2668231912,1627432.094682159,2014-11-02
5.893402424515616,7.107384517447788,6.25,0.3565975754843844,0.1337591437886982,14,-761073.5930556873,1987363.5175071312,2014-11-02
5.960545866643818,7.107384517447788,5.316666666666666,-0.6438791999771514,-0.24151799230633636,15,-1073694.327079326,1853122.8679138906,2014-11-02
6.04447516930407,7.107384517447788,4.15,-1.8944751693040693,-0.7106144124251289,16,-1101719.1637183726,1663080.6120445235,2014-11-02
5.971336776985849,7.107384517447788,5.166666666666667,-0.804670110319182,-0.3018303891787519,17,-744016.031891973,1727449.5663826556,2014-11-02
5.882204717407802,7.107384517447788,6.405654714285714,0.523449996877912,0.19634520314244902,18,-1075355.558845615,1969029.0688920591,2014-11-02
6.2767267298113865,6.795613560559209,8.25,1.9732732701886135,0.756959939255552,19,-731520.3669870156,1966992.3877918236,2014-11-02
6.489823928910517,6.413356401887701,8.933333333333334,2.4435094044228167,0.9648756073100989,20,-743466.6459182348,1944978.5298480187,2014-11-02
5.770784716084899,5.984869171552131,12.075000000000001,6.304215283915102,2.576936428716665,1,-757025.9611524006,1903105.1372714953,2014-11-16
6.02779684186264,5.988485321845635,6.875,0.8472031581373596,0.34620160052116383,2,-766311.6382745274,1879040.326008466,2014-11-16
6.035336579859527,5.990593710939932,6.775,0.7396634201404737,0.3022033040083087,3,-767198.6179214683,1942180.4777782091,2014-11-16
6.067610759992263,5.990593728030132,6.175,0.10738924000773675,0.04387587950857939,4,-782420.9497166229,1927504.9481515924,2014-11-16
6.708343076135242,5.782343102379629,6.264285714285714,-0.44405736184952804,-0.18466608655128564,5,-762056.0600764392,1895159.0578628443,2014-11-16
6.150736077739093,5.873816417674664,8.149999999999999,1.9992639222609059,0.8249164128739459,6,-763239.9700491212,1898457.655627201,2014-11-16
5.963994581076372,5.853322457378713,10.4,4.436005418923628,1.833541917603725,7,-764597.4012900228,1893260.205027535,2014-11-16
6.119719713176292,5.988524424845487,5.25,-0.8697197131762922,-0.3554016185829504,8,-771363.9500667664,1871652.3524933874,2014-11-16
6.319079391059954,5.990593892894148,1.5,-4.819079391059954,-1.9689248548523852,9,-745868.8854113646,1846566.956502921,2014-11-16
6.142468488454463,5.990593892894963,4.783333333333333,-1.3591351551211295,-0.555300041951139,10,-757998.5164247212,1793109.2823624632,2014-11-16
6.241041016710236,5.990593892894963,2.9507937619047615,-3.2902472548054744,-1.3442919431072082,11,-1022914.5420432015,1888816.2748672932,2014-11-16
6.2088091330766995,5.990593780004851,3.55,-2.6588091330766996,-1.0863061200983954,12,-1020759.4576988224,1628612.7672778761,2014-11-16
6.206119618709063,5.990593780004851,3.6000000000000005,-2.6061196187090623,-1.0647788351156093,13,-1042334.2668231912,1627432.094682159,2014-11-16
6.0662658147426765,5.9905938928942994,6.2,0.13373418525732372,0.054639598132592566,14,-761073.5930556873,1987363.5175071312,2014-11-16
6.102574147510232,5.990593892894963,5.525,-0.5775741475102318,-0.235978700965719,15,-1073694.327079326,1853122.8679138906,2014-11-16
6.098539888313625,5.990593892894963,5.6,-0.4985398883136254,-0.20368777884359834,16,-1101719.1637183726,1663080.6120445235,2014-11-16
6.109297912837912,5.990593892894963,5.4,-0.7092979128379113,-0.2897969045025876,17,-744016.031891973,1727449.5663826556,2014-11-16
6.076177643793184,5.990593892894963,6.015731428571428,-0.06044621522175575,-0.02469642972735635,18,-1075355.558845615,1969029.0688920591,2014-11-16
5.978856881224895,5.990593886323729,7.825,1.846143118775105,0.7542762380938643,19,-731520.3669870156,1966992.3877918236,2014-11-16
6.00440721748116,5.990593869231399,7.3500000000000005,1.3455927825188407,0.5497670538814436,20,-743466.6459182348,1944978.5298480187,2014-11-16
5.557177558602547,2.4829014298730097,8.25,2.6928224413974533,1.7089445784868125,1,-757025.9611524006,1903105.1372714953,2014-11-30
4.492286782515629,2.2388561106656244,4.591666666666667,0.0993798841510376,0.06641793896836187,2,-766311.6382745274,1879040.326008466,2014-11-30
5.223183833167044,3.9921864512583136,5.758333333333333,0.5351495001662885,0.26783647212295786,3,-767198.6179214683,1942180.4777782091,2014-11-30
5.80799934665291,5.034135153469601,3.833333333333333,-1.9746660133195766,-0.8800983685034413,4,-782420.9497166229,1927504.9481515924,2014-11-30
6.743917570638102,0.8759303952253898,6.092857142857143,-0.6510604277809584,-0.6956431304756159,5,-762056.0600764392,1895159.0578628443,2014-11-30
6.8382280301897875,1.1459405901094875,5.658333333333333,-1.1798946968564543,-1.1022045456447693,6,-763239.9700491212,1898457.655627201,2014-11-30
5.609960612197739,1.1476715572970306,7.408333333333333,1.7983727211355944,1.6786915214524656,7,-764597.4012900228,1893260.205027535,2014-11-30
4.089994568069392,2.940036212658756,2.975,-1.1149945680693922,-0.650274032782955,8,-771363.9500667664,1871652.3524933874,2014-11-30
4.594473596691406,7.024667525416963,1.1,-3.4944735966914062,-1.3184658223401826,9,-745868.8854113646,1846566.956502921,2014-11-30
2.9576431782651147,9.053945122856401,4.475,1.517356821734885,0.5042765728028007,10,-757998.5164247212,1793109.2823624632,2014-11-30
6.290275114246361,11.050026168293615,2.955067069047619,-3.3352080451987423,-1.0033241745787296,11,-1022914.5420432015,1888816.2748672932,2014-11-30
2.3792435838985053,6.325246996472667,1.2,-1.1792435838985054,-0.46888331349789614,12,-1020759.4576988224,1628612.7672778761,2014-11-30
2.943075535205464,5.6932441649166545,1.5,-1.4430755352054638,-0.6047963468094026,13,-1042334.2668231912,1627432.094682159,2014-11-30
6.5460201682482655,7.858328506626497,5.383333333333334,-1.1626868349149317,-0.41476076326112,14,-761073.5930556873,1987363.5175071312,2014-11-30
4.131955318320256,11.739622183551514,8.033333333333333,3.9013780150130772,1.1386518922214144,15,-1073694.327079326,1853122.8679138906,2014-11-30
3.2450969347872505,13.011991556911378,7.949999999999999,4.704903065212749,1.3043039025431746,16,-1101719.1637183726,1663080.6120445235,2014-11-30
4.403492182662696,13.21994555719606,4.808333333333334,0.404841150670638,0.11134476865472766,17,-744016.031891973,1727449.5663826556,2014-11-30
4.870666192048054,15.229917702025949,5.219047642857143,0.34838145080908944,0.08927014601772096,18,-1075355.558845615,1969029.0688920591,2014-11-30
5.799697336458425,5.752316289063756,8.25,2.4503026635415752,1.0216410937084286,19,-731520.3669870156,1966992.3877918236,2014-11-30
7.1607226352216875,4.3965365173109845,6.108333333333333,-1.0523893018883541,-0.5019044915793888,20,-743466.6459182348,1944978.5298480187,2014-11-30
12.594833646189738,8.239335909124852,17.200000000000003,4.605166353810265,1.6043503689530232,1,-757025.9611524006,1903105.1372714953,2014-12-14
11.779625300004929,8.373201740875345,11.766666666666666,-0.01295863333826297,-0.004478302482628827,2,-766311.6382745274,1879040.326008466,2014-12-14
12.955194434809702,8.786118305527602,12.491666666666667,-0.46352776814303454,-0.15637856832596592,3,-767198.6179214683,1942180.4777782091,2014-12-14
13.188948526356029,10.130577367461491,9.85,-3.3389485263560292,-1.0490413936473229,4,-782420.9497166229,1927504.9481515924,2014-12-14
12.699522210179602,8.153740458719424,12.7,4.7778982039758944e-4,1.6732408198161716e-4,5,-762056.0600764392,1895159.0578628443,2014-12-14
12.388192616971041,8.141341996921504,15.64166666666667,3.253474049695628,1.1402480749583903,6,-763239.9700491212,1898457.655627201,2014-12-14
11.75720370102662,8.17341276514482,18.041666666666668,6.2844629656400475,2.198196213301618,7,-764597.4012900228,1893260.205027535,2014-12-14
11.871225148930828,8.822054774773852,8.083333333333334,-3.7878918155974937,-1.2753009753794464,8,-771363.9500667664,1871652.3524933874,2014-12-14
13.491923864458302,10.572789659177948,4.25,-9.241923864458302,-2.842284785630839,9,-745868.8854113646,1846566.956502921,2014-12-14
7.391070931134723,12.275475770788045,7.9750000000000005,0.5839290688652774,0.16666366538450567,10,-757998.5164247212,1793109.2823624632,2014-12-14
7.9127135163082,25.670718034467548,4.085317476190476,-3.8273960401177236,-0.7554128966530899,11,-1022914.5420432015,1888816.2748672932,2014-12-14
3.710340348712265,17.438417173076672,3.125,-0.5853403487122648,-0.14016995389570025,12,-1020759.4576988224,1628612.7672778761,2014-12-14
3.696749338950281,12.88697408559666,3.9,0.20325066104971912,0.056618256183589,13,-1042334.2668231912,1627432.094682159,2014-12-14
13.085678115028058,15.789587494884369,9.725000000000001,-3.3606781150280565,-0.8457490638785692,14,-761073.5930556873,1987363.5175071312,2014-12-14
5.3376877870668835,29.38550494310522,9.216666666666669,3.878978879599785,0.7155678768468683,15,-1073694.327079326,1853122.8679138906,2014-12-14
6.859565531853216,46.511533617465844,6.45,-0.4095655318532154,-0.060054156360371896,16,-1101719.1637183726,1663080.6120445235,2014-12-14
2.352835776953174,42.27177993661015,8.566666666666666,6.213830889713492,0.9557276752666236,17,-744016.031891973,1727449.5663826556,2014-12-14
4.222652767559644,117.3780406973348,6.285996450549451,2.0633436829898066,0.19044875799355535,18,-1075355.558845615,1969029.0688920591,2014-12-14
13.825927040454687,14.00558166563554,13.450000000000001,-0.3759270404546857,-0.10045070532979278,19,-731520.3669870156,1966992.3877918236,2014-12-14
13.834217507795469,9.344426650446158,14.125,0.29078249220453145,0.09512439874883724,20,-743466.6459182348,1944978.5298480187,2014-12-14
7.613573250341682,4.875588644557448,10.075000000000001,2.461426749658319,1.114739492918356,1,-757025.9611524006,1903105.1372714953,2014-12-28
6.999719871756766,4.146279780653188,6.775,-0.22471987175676578,-0.11036012314685638,2,-766311.6382745274,1879040.326008466,2014-12-28
6.100086079836901,9.923845922288466,8.425,2.3249139201631,0.7380178592100484,3,-767198.6179214683,1942180.4777782091,2014-12-28
6.351534945986338,9.971530112976088,5.825,-0.526534945986338,-0.16674249587913065,4,-782420.9497166229,1927504.9481515924,2014-12-28
10.478699992551999,1.7247212619351528,10.057142857142857,-0.42155713540914164,-0.32099405276810916,5,-762056.0600764392,1895159.0578628443,2014-12-28
10.400698307656691,2.3430963506694673,8.55,-1.8506983076566907,-1.2090396789492073,6,-763239.9700491212,1898457.655627201,2014-12-28
9.118455512904736,2.3253806672452173,11.950000000000001,2.8315444870952646,1.856848027164985,7,-764597.4012900228,1893260.205027535,2014-12-28
5.7085974399955575,5.325584713252382,4.575,-1.1335974399955573,-0.49121905785320125,8,-771363.9500667664,1871652.3524933874,2014-12-28
6.291878441746607,10.330693450870003,2,-4.291878441746607,-1.3353117657342346,9,-745868.8854113646,1846566.956502921,2014-12-28
6.069400843562987,10.330693450870003,5.300000000000001,-0.7694008435629867,-0.23938003205827013,10,-757998.5164247212,1793109.2823624632,2014-12-28
6.2256968235214645,10.330693450870003,2.9816689047619045,-3.24402791875956,-1.0092990067368108,11,-1022914.5420432015,1888816.2748672932,2014-12-28
5.823228601733142,10.03434058039316,2.45,-3.3732286017331417,-1.06488167929086,12,-1020759.4576988224,1628612.7672778761,2014-12-28
5.724687115269452,10.03434058039316,3,-2.724687115269452,-0.8601460895237126,13,-1042334.2668231912,1627432.094682159,2014-12-28
5.899171772225522,10.330693450870003,7.825,1.9258282277744785,0.5991737944665202,14,-761073.5930556873,1987363.5175071312,2014-12-28
5.996927080518324,10.330693450870003,6.375,0.3780729194816761,0.11762803269980872,15,-1073694.327079326,1853122.8679138906,2014-12-28
6.055917352763981,10.330693450870003,5.5,-0.5559173527639807,-0.17295992698699997,16,-1101719.1637183726,1663080.6120445235,2014-12-28
6.121649370409141,10.330693450870003,4.525,-1.596649370409141,-0.4967579392094439,17,-744016.031891973,1727449.5663826556,2014-12-28
5.960274074392273,10.330693450870003,6.9186723571428566,0.9583982827505837,0.2981819081286779,18,-1075355.558845615,1969029.0688920591,2014-12-28
6.02726493481609,10.330693450870003,5.925,-0.10226493481609022,-0.03181720371055003,19,-731520.3669870156,1966992.3877918236,2014-12-28
5.657239234796274,10.285433072548207,12.975000000000001,7.317760765203728,2.2817439936604016,20,-743466.6459182348,1944978.5298480187,2014-12-28
