WKT,TRI_FACILITY_ID,FACILITY_NAME,CLASSIFICATION,total_ppy,total_tpy
"POINT (-768159.038093279 1900598.34634087)",80002FRNTR6155W,ADVANCED SURFACE TECHNOLOGIES INC,TRI,296.58532398,0.14829266199
"POINT (-766596.500180688 1901406.82232595)",80002NDLCH4711W,INDUSTRIAL CHEMICALS CORP,TRI,60.42642958,0.03021321479
"POINT (-767080.124667364 1901013.78480358)",80002RDYMX555SH,READY MIXED CONCRETE PLANT 11,PBT,8.81848e-005,4.40924e-008
"POINT (-776586.657367162 1903458.12427474)",80007SNDYN14845,SUNDYNE LLC,TRI,0,0
"POINT (-767599.893352315 1900989.50944329)",8000WMRTNM54FEN,MARTIN MARIETTA ARVADA READY MIX,PBT,0.00503094284,2.51547142e-006
"POINT (-767599.893352315 1900989.50944329)",8000WMRTNM54FEN,MARTIN MARIETTA ARVADA READY MIX,TRI,0,0
"POINT (-740856.358834177 1894901.48803606)",80011FRSTN2125E,FIRESTONE BUILDING PRODUCTS CO,TRI,0.015763033,7.8815165e-006
"POINT (-741227.580630093 1893949.47888586)",80011JHNHH21100,ADVANCED CIRCUITS INC,PBT,0.0506621676,2.53310838e-005
"POINT (-741227.580630093 1893949.47888586)",80011JHNHH21100,ADVANCED CIRCUITS INC,TRI,90.6925993424,0.0453462996712
"POINT (-748083.716046571 1895717.09121146)",80011NVRSL14002,SPG INTERNATIONAL LLC BR #X032 UNIVERSAL BRAND,TRI,0,0
"POINT (-746956.033046397 1894117.60340366)",80011RDYMX1532E,READY MIXED CONCRETE PLANT 12,PBT,0.000597011096,2.98505548e-007
"POINT (-746956.033046397 1894117.60340366)",80011RDYMX1532E,READY MIXED CONCRETE PLANT 12,TRI,0,0
"POINT (-744158.130760687 1890221.29792973)",80011SRFRC18401,U.S. DOD USAF BUCKLEY AFB CO,PBT,10.47635424,0.00523817712
"POINT (-744158.130760687 1890221.29792973)",80011SRFRC18401,U.S. DOD USAF BUCKLEY AFB CO,TRI,3.1168476636,0.0015584238318
"POINT (-745429.140766149 1893782.23368757)",80011TNLCT245AI,EATON CORP,TRI,0.03086468,1.543234e-005
"POINT (-741074.1077316 1894790.58120575)",80011WHRLP3550O,WJ WHATLEY INC,TRI,21.384814,0.010692407
"POINT (-746992.490507282 1894204.27377876)",80014LFRGW2650C,MARTIN MARIETTA CHAMBERS READY MIX,PBT,0.006470118776,3.235059388e-006
"POINT (-746992.490507282 1894204.27377876)",80014LFRGW2650C,MARTIN MARIETTA CHAMBERS READY MIX,TRI,1.2281276634,0.0006140638317
"POINT (-738757.522450568 1892148.8099589)",80019MSTRC23655,ELKAY WOOD PRODUCTS CO,TRI,408.32428406,0.20416214203
"POINT (-740663.656643853 1893360.6910631)",8001WMRTNM241PI,MARTIN MARIETTA - PICADILLY READY MIX,PBT,0.00016865343,8.4326715e-008
"POINT (-769646.425796485 1915044.87959535)",80020FSNSP2400I,FUSION SPECIALTIES INC,TRI,37.03100214,0.01851550107
"POINT (-769561.340528397 1915744.74886361)",80020GGRGT845CM,AGGREGATE INDUSTRIES WCR INC BROOMFIELD READY MIX PLANT,PBT,0.000881848,4.40924e-007
"POINT (-769561.340528397 1915744.74886361)",80020GGRGT845CM,AGGREGATE INDUSTRIES WCR INC BROOMFIELD READY MIX PLANT,TRI,0,0
"POINT (-770503.647339521 1915812.78747327)",80020HNTRDNEDUE,HUNTER DOUGLAS WINDOW FASHIONS INC,TRI,60.87176282,0.03043588141
"POINT (-757143.889568656 1901007.3514893)",80022BYLSG4400E,AZZ GALVANIZING -DENVER,PBT,0.10836148224,5.418074112e-005
"POINT (-757143.889568656 1901007.3514893)",80022BYLSG4400E,AZZ GALVANIZING -DENVER,TRI,405.01370982314,0.20250685491157
"POINT (-757833.006602619 1900879.45611458)",80022CNCDN5801B,SUNCOR ENERGY COMMERCE CITY REFINERY,Dioxin,0.000961720500752,4.80860250376e-007
"POINT (-757833.006602619 1900879.45611458)",80022CNCDN5801B,SUNCOR ENERGY COMMERCE CITY REFINERY,PBT,4.2792996972,0.0021396498486
"POINT (-757833.006602619 1900879.45611458)",80022CNCDN5801B,SUNCOR ENERGY COMMERCE CITY REFINERY,TRI,1232.4747772084,0.6162373886042
"POINT (-757291.190342732 1900683.58393833)",80022KCHPR4310E,BKEP MATERIALS LLC-DENVER C,PBT,0.223107544,0.000111553772
"POINT (-757750.410087309 1899872.62531652)",80022PHLLP3960E,PHILLIPS 66 CO DENVER TERMINAL,PBT,0,0
"POINT (-757750.410087309 1899872.62531652)",80022PHLLP3960E,PHILLIPS 66 CO DENVER TERMINAL,TRI,83.1582664,0.0415791332
"POINT (-768157.604078435 1920052.93517505)",80026DHRMC265CR,DHARMACON INC,TRI,2.37437574,0.00118718787
"POINT (-766908.523243179 1921231.05410552)",80026LFRGW1160R,MARTIN MARIETTA ROCK CREEK READY MIX,PBT,0.00280317433,1.401587165e-006
"POINT (-766835.215102225 1921224.03362714)",80026RDYMX1195R,READY MIXED CONCRETE CO PLANT 14,PBT,0.0002425082,1.212541e-007
"POINT (-771147.467397391 1919317.03407806)",80027KRYPT740SP,KRYPTANE SYSTEMS,TRI,0.03747854,1.873927e-005
"POINT (-757373.402889161 1901221.46810315)",8002WPRNML6151B,PURINA MILLS LLC,TRI,0,0
"POINT (-769577.875022029 1915616.88595159)",8002WRMSTR64CMP,CHECKERS INDUSTRIAL SAFETY PRODUCTS,TRI,24.888616566,0.012444308283
"POINT (-752154.886382922 1906771.18358905)",80030BRKCR6815G,BIRKO CORP,TRI,0,0
"POINT (-772529.92276576 1900237.61523636)",80033DLPHC10619,ROCKY MOUNTAIN BOTTLE CO,PBT,0.39167940306,0.00019583970153
"POINT (-755723.268390219 1852260.48735466)",80104DNVRB401SA,ACME BRICK DENVER PLANT,TRI,46.7048747,0.02335243735
"POINT (-754561.984666041 1851230.48575544)",80104LFRGW309SG,MARTIN MARIETTA CASTLE ROCK READY MIX,PBT,0.001323433386,6.61716693e-007
"POINT (-755780.578620864 1855432.45768644)",80104RDYMX2801H,READY MIXED CONCRETE - PLANT 6,PBT,4.5635634e-005,2.2817817e-008
"POINT (-755780.578620864 1855432.45768644)",80104RDYMX2801H,READY MIXED CONCRETE - PLANT 6,TRI,0,0
"POINT (-653942.967007418 1884373.11523812)",80105SFTYK10855,CLEAN HARBORS DEER TRAIL LLC,Dioxin,0.006834762924,3.417381462e-006
"POINT (-653942.967007418 1884373.11523812)",80105SFTYK10855,CLEAN HARBORS DEER TRAIL LLC,PBT,5550.1038654512,2.7750519327256
"POINT (-653942.967007418 1884373.11523812)",80105SFTYK10855,CLEAN HARBORS DEER TRAIL LLC,TRI,19668.6780666396,9.83433903331979
"POINT (-764532.29658572 1883150.78048581)",80110BRDNN1325W,SOUTHERN FOODS GROUP LLC D/B/A MEADOW GOLD DAIRIES,TRI,2.20462,0.00110231
"POINT (-765138.128027966 1885854.07548413)",80110CCLLN281SV,NATIONAL WIRE & STAMPING INC DBA ACCELLENT,TRI,1.8869563042,0.0009434781521
"POINT (-765853.805031514 1883261.04119173)",80110KLPPN2627W,KLOPPENBERG & CO,TRI,0.0786167492,3.93083746e-005
"POINT (-766597.574854058 1884277.46994724)",80110KLYTB3211W,OAKLEY INDUSTRIES,TRI,0.0110231,5.51155e-006
"POINT (-764596.842216871 1886005.22326437)",80110MRCNS1600W,AMERICAN STAINLESS STEEL CORP,TRI,0,0
"POINT (-764232.526849786 1883844.1986064)",80110STLLM373SK,STOLLE MACHINERYCO ENGLEWOOD,TRI,1.099443994,0.000549721997
"POINT (-764748.733571903 1885692.09147857)",80110WHTCP288SR,HD SUPPLY CONSTRUCTION SUPPLY LTD. (CO019-6141),TRI,0,0
"POINT (-750925.849003945 1872763.26622876)",80112GGRGT8339C,AGGREGATE INDUSTRIES WCR INC CENTENNIAL READY MIX PLANT,PBT,0.000881848,4.40924e-007
"POINT (-750925.849003945 1872763.26622876)",80112GGRGT8339C,AGGREGATE INDUSTRIES WCR INC CENTENNIAL READY MIX PLANT,TRI,0,0
"POINT (-750504.954707554 1875985.78978193)",80112STLLM6949S,STOLLE MACHINERYCO CENTENNIAL,TRI,0.643308116,0.000321654058
"POINT (-753468.964813774 1871665.8046091)",8011WGHLTH1139E,VITAL SIGNS INC,TRI,0.063493056,3.1746528e-005
"POINT (-726244.037362262 1846883.25948237)",8011WLYNNL7915C,LAYNE INLINER LLC,TRI,25.643257992,0.012821628996
"POINT (-764943.160030915 1885802.88579044)",8011WSFTYK281SU,SAFETY-KLEEN SYSTEMS ENGLEWOOD (ECO),PBT,0,0
"POINT (-764943.160030915 1885802.88579044)",8011WSFTYK281SU,SAFETY-KLEEN SYSTEMS ENGLEWOOD (ECO),TRI,6.0354558968,0.0030177279484
"POINT (-765347.52037918 1874915.30447097)",80120NCRCT8192S,UNICIRCUIT INC,PBT,1.3944662424,0.0006972331212
"POINT (-768560.748057628 1874275.65835963)",80125BRLBS8227B,BEST BLOCK DENB,PBT,4.53710796e-005,2.26855398e-008
"POINT (-768554.145902553 1872874.5842996)",80125GRCMM8101W,UOP LLC LITTLETON MEMBRANES,TRI,45.56398385,0.022781991925
"POINT (-769003.564549333 1874385.469168)",80125LDCST8392R,OLDCASTLE PRECAST INC,PBT,2.314851e-005,1.1574255e-008
"POINT (-768962.580502115 1874348.90922459)",80125WSTLN8382W,OLDCASTLE PRECAST,PBT,4.188778e-006,2.094389e-009
"POINT (-774929.46283923 1867699.81406058)",80127MRTNM12257,LOCKHEED MARTIN SPACE SYSTEMS CO,PBT,20.633331573998,0.010316665786999
"POINT (-774929.46283923 1867699.81406058)",80127MRTNM12257,LOCKHEED MARTIN SPACE SYSTEMS CO,TRI,0.7930899988,0.0003965449994
"POINT (-774943.777287935 1875853.23991575)",80127SSCRC10570,VIASYSTEMS TECHNOLOGIES CORPLLC,PBT,0.0792781352,3.96390676e-005
"POINT (-774943.777287935 1875853.23991575)",80127SSCRC10570,VIASYSTEMS TECHNOLOGIES CORPLLC,TRI,0.37919464,0.00018959732
"POINT (-767528.288277248 1867684.89427743)",8012WBSTWY9681T,BESTWAY CONCRETE CO TITAN,TRI,0,0
"POINT (-767269.389991383 1867499.37804019)",8012WMRTNM9511T,MARTIN MARIETTA TITAN READY MIX,PBT,0.001742311186,8.71155593e-007
"POINT (-759158.406266356 1818586.0525899)",80132SYNTH1051S,DEPUY SYNTHES,PBT,0.0220021076,1.10010538e-005
"POINT (-759158.406266356 1818586.0525899)",80132SYNTH1051S,DEPUY SYNTHES,TRI,58.5811405938,0.0292905702969
"POINT (-765271.546846386 1863905.60621739)",8013WRDYMX5775A,READY MIXED CONCRETE - PLANT 13,PBT,0.0004188778,2.094389e-007
"POINT (-765271.546846386 1863905.60621739)",8013WRDYMX5775A,READY MIXED CONCRETE - PLANT 13,TRI,0,0
"POINT (-750659.970718071 1909659.68369815)",80201CHMRX10601,BASF CORP,TRI,72.0630091874,0.0360315045937
"POINT (-760660.621447653 1901293.65583225)",80201THMPS6030N,NORTHWEST PIPE CO,TRI,188.5091636604,0.0942545818302
"POINT (-763867.546133356 1892204.72321845)",80204CLFRN49SAG,CALIFORNIA EXPANDED METALS CO,PBT,0.00440924,2.20462e-006
"POINT (-763935.655841097 1893471.9255935)",80204LFRGW1151Q,MARTIN MARIETTA - QUIVAS READY MIX,PBT,0.005636772416,2.818386208e-006
"POINT (-763935.655841097 1893471.9255935)",80204LFRGW1151Q,MARTIN MARIETTA - QUIVAS READY MIX,TRI,1.2281276634,0.0006140638317
"POINT (-762570.417939248 1893950.08882965)",80204NTDST320WE,US DEPARTMENT OF THE TREASURY US MINT DENVER,PBT,0.00194888408,9.7444204e-007
"POINT (-762570.417939248 1893950.08882965)",80204NTDST320WE,US DEPARTMENT OF THE TREASURY US MINT DENVER,TRI,17.68766626,0.00884383313
"POINT (-764849.892669364 1892570.56358641)",80204RBNSN241W6,ROBINSON DAIRY LLC,TRI,0,0
"POINT (-762932.307088023 1893894.39188423)",80204RMNCX650WE,RMO INC,TRI,1.10231,0.000551155
"POINT (-761696.383658928 1896312.01899192)",80205RWLFL2763B,A R WILFLEY & SONS INC,TRI,0.05412562562,2.706281281e-005
"POINT (-757033.704285996 1897052.16827909)",80207THDLC4941E,KIK (DENVER) LLC,TRI,0.27998674,0.00013999337
"POINT (-768680.156709666 1894295.88590268)",80214LKWDB1325J,LAKEWOOD BRICK & TILE CO,TRI,0,0
"POINT (-774014.797886746 1894418.52128488)",80215CBSTR11308,TERUMO BCT STERILIZATION SERVICES INC,TRI,25.20321584,0.01260160792
"POINT (-761721.303974294 1899753.10864178)",80216CBTCN5301N,COBITCO INC,TRI,0,0
"POINT (-756201.058441303 1898122.67593669)",80216CLRDP4747H,COLORADO PAINT CO,TRI,94.5668662532,0.0472834331266
"POINT (-760009.875064569 1899767.64676062)",80216CMCBN5353F,CMC REBAR DENVER,TRI,0,0
"POINT (-760787.196144914 1897357.08180097)",80216CNGRF3750W,ARDENT MILLS LLC,TRI,0,0
"POINT (-760171.309730548 1898986.24279161)",80216CRYST5185N,CRYSTAL PACKAGING INC,TRI,0,0
"POINT (-761858.207284175 1897255.6573653)",80216CTYCC21013,REDDY ICE-DENVER (368),TRI,20.9549131,0.01047745655
"POINT (-758639.276149067 1897672.79697343)",80216DNVRM3100E,DENVER METAL FINISHING,PBT,0.60100586744,0.00030050293372
"POINT (-758639.276149067 1897672.79697343)",80216DNVRM3100E,DENVER METAL FINISHING,TRI,69.15011092,0.03457505546
"POINT (-756227.965601415 1897864.08621334)",80216FPLYM46HLL,EFI POLYMERS,TRI,22.28650358,0.01114325179
"POINT (-758155.389145128 1897767.79819745)",80216KBPCL3600E,KBP COIL COATERS INC,PBT,0.00116403936,5.8201968e-007
"POINT (-758155.389145128 1897767.79819745)",80216KBPCL3600E,KBP COIL COATERS INC,TRI,2.42067276,0.00121033638
"POINT (-762028.14900904 1900454.21041908)",80216KPPRS5601F,KOPPERS INC (DENVER CO),PBT,0.43434541392,0.00021717270696
"POINT (-762028.14900904 1900454.21041908)",80216KPPRS5601F,KOPPERS INC (DENVER CO),TRI,25.00700466,0.01250350233
"POINT (-759529.400495848 1901288.86128109)",80216PBLCS6198F,PUBLIC SERVICE CO OF COLORADO CHEROKEE STATION,Dioxin,0.00290127992,1.45063996e-006
"POINT (-759529.400495848 1901288.86128109)",80216PBLCS6198F,PUBLIC SERVICE CO OF COLORADO CHEROKEE STATION,PBT,26.16112323,0.013080561615
"POINT (-759529.400495848 1901288.86128109)",80216PBLCS6198F,PUBLIC SERVICE CO OF COLORADO CHEROKEE STATION,TRI,1684.0941604454,0.8420470802227
"POINT (-761062.887198108 1897876.21332016)",80216RDYMX4395W,READY MIXED CONCRETE CO - PLANT 1,PBT,0.001348566054,6.74283027e-007
"POINT (-761062.887198108 1897876.21332016)",80216RDYMX4395W,READY MIXED CONCRETE CO - PLANT 1,TRI,0,0
"POINT (-759369.02145846 1898088.88991053)",80216RLSTN4555Y,NESTLE PURINA PETCARE CO,PBT,0.00881848,4.40924e-006
"POINT (-759369.02145846 1898088.88991053)",80216RLSTN4555Y,NESTLE PURINA PETCARE CO,TRI,0,0
"POINT (-757637.706620734 1898465.18505828)",80216SHFRC4101E,SHAFER COMMERCIAL SEATING,TRI,19.0310073646,0.0095155036823
"POINT (-761795.087472031 1900430.96705979)",80216SHLND156W5,NEXEO SOLUTIONS LLC,TRI,45.32257796,0.02266128898
"POINT (-761708.958624469 1901644.06813345)",80216VNCBR38W62,VANCE BROTHERS INC,PBT,19.760890908,0.009880445454
"POINT (-761708.958624469 1901644.06813345)",80216VNCBR38W62,VANCE BROTHERS INC,TRI,5.93263242,0.00296631621
"POINT (-756268.419982623 1897452.57376841)",80216VNWTR4300H,UNIVAR USA INC DENVER,TRI,15.477090919994,0.007738545459997
"POINT (-761740.750580351 1899682.91504928)",80216WNSCR5201B,OWENS CORNING ROOFING & ASPHALT LLC,PBT,0,0
"POINT (-762236.030832427 1899862.73978169)",80216WNSCR5201F,OWENS CORNING ROOFING & ASPHALT LLC,PBT,0.121474562,6.0737281e-005
"POINT (-757675.300298406 1898120.93680005)",80216WRGHT4245E,WRIGHT & MCGILL CO,PBT,0,0
"POINT (-757675.300298406 1898120.93680005)",80216WRGHT4245E,WRIGHT & MCGILL CO,TRI,0,0
"POINT (-761304.481382582 1900903.32873772)",80216ZMMRM201EA,ZIMMERMAN METALS INC,TRI,0.91050806,0.00045525403
"POINT (-764782.071941267 1885206.71586763)",80217RBNSN1845W,GENERAL SHALE BRICK INC,TRI,496.20043726,0.24810021863
"POINT (-756989.609941462 1898231.85871558)",8021WBNDTD4799D,BAND IT IDEX INC,TRI,0.20062042,0.00010031021
"POINT (-759653.694849555 1898801.96438086)",8021WBSLTX49RAC,BASALITE,PBT,0.000767428222,3.83714111e-007
"POINT (-759203.879323177 1900901.71571497)",8021WBSTWY591YR,BESTWAY CONCRETE CO-DENVER,TRI,0,0
"POINT (-761669.221238861 1901344.26596521)",80221RCKYM301WE,ROCKY MOUNTAIN PRESTRESS LLC (ARCHITECTURAL PLANT),TRI,75.53469044,0.03776734522
"POINT (-762945.646079665 1887810.43665917)",80223GGRGT1751S,AGGREGATE INDUSTRIES WCR INC BANNOCK READY MIX PLANT,PBT,0.000881848,4.40924e-007
"POINT (-762945.646079665 1887810.43665917)",80223GGRGT1751S,AGGREGATE INDUSTRIES WCR INC BANNOCK READY MIX PLANT,TRI,0,0
"POINT (-763766.12561398 1888780.97462948)",80223LCTRM11WLU,ELECTRO-MECHANICAL PRODUCTS INC,TRI,0,0
"POINT (-764694.503677741 1892130.27592233)",80223MDNWS2390W,THERMAL SOLUTIONS MANUFACTURING INC.,PBT,0.0027778212,1.3889106e-006
"POINT (-764694.503677741 1892130.27592233)",80223MDNWS2390W,THERMAL SOLUTIONS MANUFACTURING INC.,TRI,0.00115522088,5.7761044e-007
"POINT (-763922.397089645 1886102.10654001)",80223PBLCS2601S,PUBLIC SERVICE COMPANY OF COLORADO ARAPAHOE STATION,PBT,10.118858351888,0.005059429175944
"POINT (-763922.397089645 1886102.10654001)",80223PBLCS2601S,PUBLIC SERVICE COMPANY OF COLORADO ARAPAHOE STATION,TRI,1398.82477614,0.69941238807
"POINT (-763354.191119883 1886132.58209937)",80223PWRNG2525S,POWER ENGINEERING CO,PBT,1.56069899964,0.00078034949982
"POINT (-763354.191119883 1886132.58209937)",80223PWRNG2525S,POWER ENGINEERING CO,TRI,9.30129178,0.00465064589
"POINT (-762970.941543517 1887579.82704387)",80223RJRCR183SB,RJR CIRCUITS INC,PBT,0.2462340078,0.0001231170039
"POINT (-763107.461737495 1900901.16607983)",8022WRCKYM581PE,ROCKY MOUNTAIN PRESTRESS LLC (STRUCTURAL PLANT),PBT,6.642299598e-005,3.321149799e-008
"POINT (-763107.461737495 1900901.16607983)",8022WRCKYM581PE,ROCKY MOUNTAIN PRESTRESS LLC (STRUCTURAL PLANT),TRI,0.018959732,9.479866e-006
"POINT (-758513.187422689 1911055.98469222)",80233FTRFM11020,ATLAS ROOFING CORP,TRI,0.0220462,1.10231e-005
"POINT (-751207.769111607 1898462.14506469)",80239BRTLN10660,BRITE-LINE TECHNOLOGIES,PBT,0.0002976237,1.4881185e-007
"POINT (-750868.739487567 1897201.43496971)",80239MLHGH11100,MILE HIGH EQUIPMENT LLC,TRI,0,0
"POINT (-751144.070588692 1896448.80680489)",8023WFSTRV391JL,COLORADO SALT PRODUCTS LLC,TRI,1.7306267,0.00086531335
"POINT (-750817.464533059 1898506.67671085)",8023WJPLMB11955,JP LAMBORN CO,TRI,5.2580187,0.00262900935
"POINT (-751896.406749502 1898601.77473848)",8023WKRGRM1241E,KROGER MOUNTAIN VIEW FOODS,TRI,15.3432292596,0.0076716146298
"POINT (-757086.242959837 1889773.42081269)",8024WSTHRN5512L,"SOUTHERN FOODS GROUP, LLC D/B/A DILLON DAIRY",TRI,0.19621118,9.810559e-005
"POINT (-775477.031202398 1933101.67051767)",80301DTRCH5601N,DIETERICH STANDARD INC,TRI,4.44451392,0.00222225696
"POINT (-778989.498813166 1928935.65683536)",80301HSRCH5555A,AGILENT TECHNOLOGIES BOULDER CO,TRI,13.6444813648,0.0068222406824
"POINT (-778160.625181501 1928012.93988484)",80301LFRGW5959V,MARTIN MARIETTA VALMONT READY MIX,PBT,0.000464292972,2.32146486e-007
"POINT (-778160.625181501 1928012.93988484)",80301LFRGW5959V,MARTIN MARIETTA VALMONT READY MIX,TRI,1.0483188562,0.0005241594281
"POINT (-776390.127783768 1934989.46916111)",80301LXMRK6555M,LEXMARK INTERNATIONAL INC,TRI,43.04741012,0.02152370506
"POINT (-775603.969931787 1933351.50150376)",80301MCRMT7070W,MICRO MOTION INC,TRI,0.94578198,0.00047289099
"POINT (-779466.171375563 1928011.68728862)",80301MKSNS5330S,MKS INSTRUMENTS INC HPS PRO DUCTS DIV,TRI,0,0
"POINT (-780356.59172385 1927997.16478217)",80301NPRBT4884S,HOSPIRA BOULDER INC A PFIZER CO,TRI,88.14511684,0.04407255842
"POINT (-777961.032646103 1927840.31784418)",80301STNFR4840N,SAE CIRCUITS COLORADO INC,PBT,0.065503889902,3.2751944951e-005
"POINT (-777961.032646103 1927840.31784418)",80301STNFR4840N,SAE CIRCUITS COLORADO INC,TRI,1.7726026648,0.0008863013324
"POINT (-779405.683350398 1927115.32190705)",80301SYNTX2075N,CORDEN PHARMA COLORADO INC,TRI,271.619325252,0.135809662626
"POINT (-777746.076706499 1931917.16822032)",80301VLLYL5920L,TYCO HEALTHCARE GROUP L.P.,PBT,0.0031857640848,1.5928820424e-006
"POINT (-777267.789963803 1926845.45679473)",80302PBLCS1800N,PUBLIC SERVICE CO OF COLORADO VALMONT STATION,PBT,34.54619257496,0.01727309628748
"POINT (-777267.789963803 1926845.45679473)",80302PBLCS1800N,PUBLIC SERVICE CO OF COLORADO VALMONT STATION,TRI,1974.8313991824,0.9874156995912
"POINT (-780602.79895425 1950169.67249779)",80305NTNLN325BR,NATIONAL INSTITUTE OF STANDARD&TECHNOLOGY BOULDER,PBT,8.6935221384,0.0043467610692
"POINT (-781568.027227169 1897651.12858714)",80401DLPHC12THF,GOLDEN BREWERY MILLERCOORS LLC,TRI,1149.29706606,0.57464853303
"POINT (-781311.379271359 1892246.9114844)",80401LFRGW1841W,MARTIN MARIETTA SPEC AGG,PBT,0.020115393804,1.0057696902e-005
"POINT (-781173.691618931 1898050.50313241)",80401TRGNN2510T,COLORADO ENERGY NATIONS CO LLC,Dioxin,0.0034392072,1.7196036e-006
"POINT (-781173.691618931 1898050.50313241)",80401TRGNN2510T,COLORADO ENERGY NATIONS CO LLC,PBT,23.961353394,0.011980676697
"POINT (-781173.691618931 1898050.50313241)",80401TRGNN2510T,COLORADO ENERGY NATIONS CO LLC,TRI,2724.7780428,1.3623890214
"POINT (-779408.580107949 1898570.83818349)",80401VLLYM17755,ROCKY MOUNTAIN METAL CONTAINER,PBT,0.0491189336,2.45594668e-005
"POINT (-779408.580107949 1898570.83818349)",80401VLLYM17755,ROCKY MOUNTAIN METAL CONTAINER,TRI,1683.4588551,0.84172942755
"POINT (-776809.360188786 1899438.04407341)",80403BLLPC4525I,BALL METAL BEVERAGE CONTAINER CORP,PBT,0.0521833554,2.60916777e-005
"POINT (-776809.360188786 1899438.04407341)",80403BLLPC4525I,BALL METAL BEVERAGE CONTAINER CORP,TRI,1288.90242294,0.64445121147
"POINT (-778390.46433811 1900172.31741005)",80403CFMRC16351,CF MAIER COMPOSITES INC,TRI,43.77713934,0.02188856967
"POINT (-777934.75045515 1899996.2024902)",80403HRCRS454TA,HARCROS CHEMICALS INC,TRI,0,0
"POINT (-781990.146151191 1912514.44874216)",8040WBSTWY1888H,BESTWAY CONCRETE CO -JEFFCO,TRI,0,0
"POINT (-774256.469461566 1894124.3345668)",8040WLCTRM897TA,ELECTRO-MECHANICAL PRODUCTS INC,TRI,0,0
"POINT (-867628.467392833 1862758.25880746)",8042WCLMXMHIGHW,CLIMAX MOLYBDENUM CO-CLIMAX MINE,PBT,13182.550863592,6.591275431796
"POINT (-867628.467392833 1862758.25880746)",8042WCLMXMHIGHW,CLIMAX MOLYBDENUM CO-CLIMAX MINE,TRI,7287.7902878,3.6438951439
"POINT (-834023.371535952 1903202.9863918)",80438CLMXM9MILE,CLIMAX MOLYBDENUM CO-HENDERSON MINE,PBT,41.78306055,0.020891530275
"POINT (-834023.371535952 1903202.9863918)",80438CLMXM9MILE,CLIMAX MOLYBDENUM CO-HENDERSON MINE,TRI,34135.4652551,17.06773262755
"POINT (-853362.932936485 1916415.71672595)",80468CLMXM19302,CLIMAX MOLYBDENUM CO HENDERSON MILL,PBT,24758.847782636,12.379423891318
"POINT (-853362.932936485 1916415.71672595)",80468CLMXM19302,CLIMAX MOLYBDENUM CO HENDERSON MILL,TRI,640.05409688,0.32002704844
"POINT (-766615.567935826 1943177.30259721)",80501CRCLG129TH,CIRCLE GRAPHICS INC,TRI,190.0161978,0.0950080989
"POINT (-768478.729023083 1940515.49861015)",80501DRSSL1301I,"HUVEPHARMA,INC",TRI,0.6062705,0.00030313525
"POINT (-769464.549097037 1939740.33037249)",80501MNSCR1861L,MATHESON TRIGAS LONGMONT CO BRANCH,TRI,0.0180448147,9.02240735e-006
"POINT (-774966.871313576 1934614.63943871)",80503HLXTC6450D,BROOKS AUTOMATION INC GRANVILLE PHILLIPS PRODUCT,PBT,0,0
"POINT (-757013.071491681 1935785.64014843)",80504DLPHM43WCR,SPARTON MEDICAL SYSTEMS COLORADO OPS,PBT,0,0
"POINT (-750685.1899443 1895516.34232953)",80504GGRGT114E3,AGGREGATE INDUSTRIES WCR INC SAND CREEK READY MIX PLANT,PBT,0.000881848,4.40924e-007
"POINT (-750685.1899443 1895516.34232953)",80504GGRGT114E3,AGGREGATE INDUSTRIES WCR INC SAND CREEK READY MIX PLANT,TRI,0,0
"POINT (-758776.42452422 1939612.62592806)",80504GGRGT12WEL,AGGREGATE INDUSTRIES WCR INC. DEL CAMINO READY MIX PLANT,PBT,0.000881848,4.40924e-007
"POINT (-758776.42452422 1939612.62592806)",80504GGRGT12WEL,AGGREGATE INDUSTRIES WCR INC. DEL CAMINO READY MIX PLANT,TRI,0,0
"POINT (-752561.638266373 1936908.27533518)",80504PRCSN74WEL,ADVANCED FORMING TECHNOLOGY,TRI,161.1588684024,0.0805794342012
"POINT (-755660.997374086 1941219.46770257)",8050WBSTWY1141W,BESTWAY CONCRETE CO-LONGMONT,TRI,0,0
"POINT (-769039.496579894 1941141.24829373)",8050WCRCTS41SSU,CIRCUITS WEST INC,PBT,0.00616632214,3.08316107e-006
"POINT (-766591.930432899 1941638.69917192)",80521WSTRN100MA,WESTERN FOUNDRIES INC,TRI,0.29823107281,0.000149115536405
"POINT (-754411.043383564 1992177.26066104)",80524NHSRB2351B,ANHEUSER-BUSCH FORT COLLINS BREWERY,TRI,267.77534982,0.13388767491
"POINT (-760248.957069252 1989464.29177926)",80524RNCHW416LI,RANCH-WAY FEED MILLS,TRI,0,0
"POINT (-756739.473551474 1988312.15561454)",80524WHTCP334SS,HD SUPPLY CONSTRUCTION SUPPLY LTD. (CO020-6142),TRI,0,0
"POINT (-756608.914424118 1981571.14526085)",80525GLNTT4380S,AVAGO TECHNOLOGIES INC FORT COLLINS COLORADO,TRI,325.4161979376,0.1627080989688
"POINT (-756242.406053747 1985172.85013693)",80525LFRGW3000S,MARTIN MARIETTA RIGDEN READY MIX,PBT,0.000744279712,3.72139856e-007
"POINT (-756242.406053747 1985172.85013693)",80525LFRGW3000S,MARTIN MARIETTA RIGDEN READY MIX,TRI,1.1026186468,0.0005513093234
"POINT (-759561.464303508 1985103.57264289)",80525WDWRD1000E,WOODWARD INC,PBT,1.3180541132,0.0006590270566
"POINT (-759561.464303508 1985103.57264289)",80525WDWRD1000E,WOODWARD INC,TRI,0.0310410496,1.55205248e-005
"POINT (-745083.624719987 1973083.93202834)",80528MSKTW23HWA,MUSKET WINDSOR TRANSLOADING FACILITY,TRI,2.45594668,0.00122797334
"POINT (-756363.762499135 1984872.7306944)",8052WDRKRD3EAST,AGGREGATE INDUSTRIES WCR INC DRAKE READY MIX PLANT,PBT,0.000881848,4.40924e-007
"POINT (-756363.762499135 1984872.7306944)",8052WDRKRD3EAST,AGGREGATE INDUSTRIES WCR INC DRAKE READY MIX PLANT,TRI,0,0
"POINT (-757172.900804707 1986206.64101271)",8052WDVNCD2424M,ADVANCED ENERGY INDUSTRIES INC,PBT,0,0
"POINT (-756652.228900694 1997850.6075268)",8052WNTNLN2EAST,NATIONAL INSTITUTE OF STANDARDS & TECHNOLOGY WWV/WWVB,PBT,0.000220462,1.10231e-007
"POINT (-751728.397363828 1964556.71260129)",80534LVLND2593W,JOHNSTOWN READY MIX,TRI,0,0
"POINT (-759990.187463005 1967799.99790106)",80537LLWTH715DE,ALLWEATER WOOD LLC,TRI,0,0
"POINT (-762202.169512882 1966576.31385914)",80537MTLCS5118T,METAL CASTINGS OF COLORADO INC,TRI,0,0
"POINT (-762725.401340589 1975148.48296527)",80538RCKRB6724N,DESIGNS BY RICKER,PBT,0.0003747854,1.873927e-007
"POINT (-755656.622536855 1972940.22678893)",80539HCHCX5600L,HACH CO LOVELAND,PBT,0.013158605163,6.5793025815e-006
"POINT (-766707.316274338 1968403.23953562)",8053WLVLND644NC,LOVELAND READY MIX,TRI,0,0
"POINT (-762680.045287871 1971673.74716346)",8053WQBCRW38W37,"QG, LLC",TRI,7.38988624,0.00369494312
"POINT (-765561.031923201 1972154.09972046)",8053WWDWRD38WIL,WOODWARD INC,TRI,2.2928048,0.0011464024
"POINT (-778204.700856957 1947484.63878817)",80540STHWS5134U,CEMEX CONSTRUCTION MATERIALS SOUTH LLC,PBT,15.398928322514,0.007699464161257
"POINT (-778204.700856957 1947484.63878817)",80540STHWS5134U,CEMEX CONSTRUCTION MATERIALS SOUTH LLC,TRI,4.1954800448,0.0020977400224
"POINT (-757780.378983855 1949550.70551238)",80542BLDRS5983R,BOULDER SCIENTIFIC CO MEAD FACILITY,TRI,245.49766472,0.12274883236
"POINT (-753595.362722566 2019135.96649151)",80549RWHDN2700E,RAWHIDE ENERGY STATION,Dioxin,0.00345463954,1.72731977e-006
"POINT (-753595.362722566 2019135.96649151)",80549RWHDN2700E,RAWHIDE ENERGY STATION,PBT,43.550945328,0.021775472664
"POINT (-753595.362722566 2019135.96649151)",80549RWHDN2700E,RAWHIDE ENERGY STATION,TRI,7668.169029202,3.834084514601
"POINT (-745061.032320844 1973144.82076044)",80550CRSTR2HWAR,CARESTREAM HEALTH COLORADO,TRI,580.682137046,0.290341068523
"POINT (-743710.233120354 1972745.94351933)",80550FRNTR31375,FRONT RANGE ENERGY,TRI,61.1773011058,0.0305886505529
"POINT (-743995.542861731 1973960.12426767)",80550MTLCN12011,METAL CONTAINER CORPORTION - WINDSOR CAN PLANT,PBT,0.0149252774,7.4626387e-006
"POINT (-743995.542861731 1973960.12426767)",80550MTLCN12011,METAL CONTAINER CORPORTION - WINDSOR CAN PLANT,TRI,3297.44792938,1.64872396469
"POINT (-746676.969512295 1975544.48661848)",80550NVRSL15WAL,UFP WINDSOR LLC,TRI,1.15301626,0.00057650813
"POINT (-742760.33267132 1973275.0856627)",80550VSTSB1114E,VESTAS BLADES AMERICA INC WINDSOR,TRI,878.3316311,0.43916581555
"POINT (-744685.310427289 1973874.69347279)",80551KDKCLCOUNT,KODAK ALARIS COLORADO,TRI,518.00412906,0.25900206453
"POINT (-743518.872150035 1973594.35405261)",8055WHXCLW31815,HEXCEL CORP,TRI,364.2590449784,0.1821295224892
"POINT (-745565.442193255 1918175.89777405)",80601LLTCC1095S,INTERTAPE POLYMER GROUP BRIGHTON FACILITY,TRI,885.504582732,0.442752291366
"POINT (-747206.955102754 1917302.52673295)",80601RDYMX14585,READY MIXED CONCRETE PLANT 3,PBT,0.00028770291,1.43851455e-007
"POINT (-747206.955102754 1917302.52673295)",80601RDYMX14585,READY MIXED CONCRETE PLANT 3,TRI,0,0
"POINT (-750577.051139242 1909863.5012525)",80601SSHCN10300,SASHCO INC,TRI,23.39961401338,0.01169980700669
"POINT (-746562.702761501 1921751.67627461)",8060WBSTWY11723,BESTWAY CONCRETE CO-BRIGHTON,TRI,0,0
"POINT (-745324.152802298 1921725.41916216)",8060WCMCCT455ID,CMC REBAR BRIGHTON,TRI,0,0
"POINT (-744813.777268467 1924736.03419766)",8060WGGRGT1857H,AGGREGATE INDUSTRIES WCR INC - BRIGHTON READY MIX,PBT,0.000440924,2.20462e-007
"POINT (-744813.777268467 1924736.03419766)",8060WGGRGT1857H,AGGREGATE INDUSTRIES WCR INC - BRIGHTON READY MIX,TRI,0,0
"POINT (-750535.599624478 1909860.74696048)",8060WJPNTN121E1,E J PAINTING & FIBERGLASS,TRI,32.95686438,0.01647843219
"POINT (-745019.686195716 1923140.5095548)",8060WRCKYM975US,MARTIN MARIETTA BRIGHTON READY MIX,PBT,0.000340834252,1.70417126e-007
"POINT (-743981.648037406 1924778.15051418)",8060WVSTSB15BEA,VESTAS BLADES AMERICA INC BRIGHTON,TRI,419.33415634,0.20966707817
"POINT (-729341.982754135 1981183.24902432)",8061WMLTCH1CHRI,MULTI-CHEM GROUP EATON CO FACILITY,TRI,2.86821062,0.00143410531
"POINT (-742855.849749791 1932141.87583502)",80621GLDNL1405E,GOLDEN ALUMINUM,Dioxin,0.005286459179848,2.643229589924e-006
"POINT (-742855.849749791 1932141.87583502)",80621GLDNL1405E,GOLDEN ALUMINUM,PBT,0.4006455926,0.0002003227963
"POINT (-742855.849749791 1932141.87583502)",80621GLDNL1405E,GOLDEN ALUMINUM,TRI,996.49044462,0.49824522231
"POINT (-729848.670433419 1964850.46849236)",80631BRDNN45025,SOUTHERN FOODS GROUP LLC D/B/A MEADOW GOLD DAIRIES,TRI,0.0220462,1.10231e-005
"POINT (-733558.839428235 1970478.6194873)",80631LFRGW925N3,MARTIN MARIETTA GREELEY 35TH AVE,PBT,0.009268883866,4.634441933e-006
"POINT (-733558.839428235 1970478.6194873)",80631LFRGW925N3,MARTIN MARIETTA GREELEY 35TH AVE,TRI,0,0
"POINT (-730011.663609335 1969992.72644732)",80631MNFRT100NO,SWIFT BEEF CO,TRI,334.07488708,0.16703744354
"POINT (-739907.732586556 1971896.63706399)",80631WNSBR11133,OWENS-BROCKWAY GLASS CONTAINER INC PLANT 28,PBT,0.8331038518,0.0004165519259
"POINT (-728895.485264069 1966985.07297316)",80631WSTRN13021,LEPRINO FOODS CO - GREELEY,TRI,775.68893314,0.38784446657
"POINT (-730074.431305113 1972658.84040475)",8063WBGRMN196CU,BIG R MANUFACTURING,TRI,0.09259404,4.629702e-005
"POINT (-739978.628293595 1971463.01000444)",8063WBSTWY3279W,BESTWAY CONCRETE CO-GREELEY,TRI,0,0
"POINT (-730534.363362746 1970711.12586027)",8063WFLRDC139N1,FCT COS INC,PBT,0,0
"POINT (-730534.363362746 1970711.12586027)",8063WFLRDC139N1,FCT COS INC,TRI,0.1048958196,5.24479098e-005
"POINT (-729779.51498053 1965162.48203073)",8063WTHMSP23494,THOMAS PETROLEUM LLC GREELEY,PBT,6.61386e-005,3.30693e-008
"POINT (-729779.51498053 1965162.48203073)",8063WTHMSP23494,THOMAS PETROLEUM LLC GREELEY,TRI,4.34530602,0.00217265301
"POINT (-751735.547325099 1906720.6231391)",80640DLTRC9155B,ROCKY MOUNTAIN PETROLEUM CORP,TRI,2.29941866,0.00114970933
"POINT (-751283.916362714 1908660.20832118)",80640MNRLF10121,BORAL ROOFING LLC,PBT,0.0368612464,1.84306232e-005
"POINT (-751849.017743058 1907654.12207028)",80640NYXNV9131E,VEOLIA ES TECHNICAL SOLUTIONS LLC,TRI,43.428588918,0.021714294459
"POINT (-751943.285969855 1906457.60479013)",80640PRNML9200E,LAND O'LAKES PURINA FEED LLC - DENVER,TRI,0,0
"POINT (-752204.824501309 1907873.17939205)",80640SNCLR8581E,SINCLAIR DENVER PRODUCTS TERMINAL,PBT,0.001763696,8.81848e-007
"POINT (-752204.824501309 1907873.17939205)",80640SNCLR8581E,SINCLAIR DENVER PRODUCTS TERMINAL,TRI,65.28761668,0.03264380834
"POINT (-752383.806526672 1907704.26675216)",80640THNLM851E9,ETHANOL MANAGEMENT CO LLC,PBT,0.0003747854,1.873927e-007
"POINT (-752383.806526672 1907704.26675216)",80640THNLM851E9,ETHANOL MANAGEMENT CO LLC,TRI,22.1123386,0.0110561693
"POINT (-726875.88090509 1929970.38630986)",80642CHMCLHUDSO,CHEMICAL & METAL INDUSTRIES INC,PBT,0,0
"POINT (-726875.88090509 1929970.38630986)",80642CHMCLHUDSO,CHEMICAL & METAL INDUSTRIES INC,TRI,46.26881409172,0.02313440704586
"POINT (-726446.987508821 1930407.53480337)",80642DPCND23500,DPC INDUSTRIES INC,TRI,2.64333938,0.00132166969
"POINT (-752172.041157667 1906588.21801891)",8064WCNYNS952YS,SOUTHERN COUNTIES OIL CO LP DBA CSO,TRI,0.0220462,1.10231e-005
"POINT (-742870.581183754 1946730.42307495)",8065WLDCST427NF,OLDCASTLE PRECAST INC,PBT,7.936632e-006,3.968316e-009
"POINT (-654198.675198826 1942013.88554946)",80701DRYFR2301E,DAIRY FARMERS OF AMERICA INC,TRI,27.3130812724,0.0136565406362
"POINT (-654082.443545721 1941686.14211157)",80701LPRNF2400E,LEPRINO FOODS CO,TRI,272.9540022,0.1364770011
"POINT (-657750.588917806 1943287.07228349)",80701WSTRN18317,WESTERN SUGAR COOPERATIVE,Dioxin,0.000227957708,1.13978854e-007
"POINT (-657750.588917806 1943287.07228349)",80701WSTRN18317,WESTERN SUGAR COOPERATIVE,PBT,3.038186822,0.001519093411
"POINT (-657750.588917806 1943287.07228349)",80701WSTRN18317,WESTERN SUGAR COOPERATIVE,TRI,1138.9287382,0.5694643691
"POINT (-654997.002298149 1941450.95485488)",80701XCLCR1505E,CARGILL MEAT SOLUTIONS CORP,TRI,16530.35540024,8.26517770012
"POINT (-647119.897983576 1937794.80538757)",80723PBLCS14940,PUBLIC SERVICE CO OF COLORADO PAWNEE STATION,Dioxin,0.00312174192,1.56087096e-006
"POINT (-647119.897983576 1937794.80538757)",80723PBLCS14940,PUBLIC SERVICE CO OF COLORADO PAWNEE STATION,PBT,8.48995634608,0.00424497817304
"POINT (-647119.897983576 1937794.80538757)",80723PBLCS14940,PUBLIC SERVICE CO OF COLORADO PAWNEE STATION,TRI,2023.562716494,1.011781358247
"POINT (-733011.808941612 1970081.73782583)",8073WNLCGR29WES,NALCO COMPANY-GREELEY,TRI,0.000220462,1.10231e-007
"POINT (-595384.119748486 1974578.4222839)",80751FRRBT219RI,CARGILL ANIMAL NUTRITION,TRI,0,0
"POINT (-603043.564094905 1980133.85009942)",80751KGLRLPOBOX,KUGLER OIL CO,TRI,26.45544,0.01322772
"POINT (-602504.817797379 1981199.41008299)",80751STRLN45ANG,STERLING ETHANOL LLC,TRI,94.91881179,0.047459405895
"POINT (-563790.807154099 1921366.08508521)",80759YMTHN3848C,YUMA ETHANOL LLC,TRI,190.4809096498,0.0952404548249
"POINT (-749860.387280265 1768203.33880112)",80817RYNXN14020,COLORADO SPRINGS UTILITIES RAY NIXON POWER PLANT,Dioxin,0.015656770316,7.828385158e-006
"POINT (-749860.387280265 1768203.33880112)",80817RYNXN14020,COLORADO SPRINGS UTILITIES RAY NIXON POWER PLANT,PBT,135.9398233908,0.0679699116954
"POINT (-749860.387280265 1768203.33880112)",80817RYNXN14020,COLORADO SPRINGS UTILITIES RAY NIXON POWER PLANT,TRI,8249.217794554,4.124608897277
"POINT (-759250.667943474 1809278.40887397)",80840SRFRC8034E,US DOD USAF ACADEMY,PBT,47.032040308,0.023516020154
"POINT (-759250.667943474 1809278.40887397)",80840SRFRC8034E,US DOD USAF ACADEMY,TRI,0.74516156,0.00037258078
"POINT (-787515.252024308 1781684.43830168)",80860CRPPL2755S,CRIPPLE CREEK & VICTOR GOLD MINING CO,PBT,41656.7476848556,20.8283738424278
"POINT (-787515.252024308 1781684.43830168)",80860CRPPL2755S,CRIPPLE CREEK & VICTOR GOLD MINING CO,TRI,199.599901402,0.099799950701
"POINT (-758632.500753392 1790510.12718725)",80903MRTND700SC,COLORADO SPRINGS UTILITIES MARTIN DRAKE POWER PLANT,Dioxin,0.015006186954,7.503093477e-006
"POINT (-758632.500753392 1790510.12718725)",80903MRTND700SC,COLORADO SPRINGS UTILITIES MARTIN DRAKE POWER PLANT,PBT,81.9304694296,0.0409652347148
"POINT (-758632.500753392 1790510.12718725)",80903MRTND700SC,COLORADO SPRINGS UTILITIES MARTIN DRAKE POWER PLANT,TRI,4055.975659516,2.027987829758
"POINT (-756645.995401316 1786348.83842157)",80906HNYWL1150E,ATMEL CORP,TRI,361.18950846,0.18059475423
"POINT (-755467.854905962 1786140.83788689)",80906LCTRN3025J,ELECTRONICS METAL FINISHING CORP,TRI,0,0
"POINT (-755422.919528365 1786355.04819352)",80906VXCRP2435E,AVX CORP,PBT,0,0
"POINT (-753327.48018881 1785208.85168258)",80907LFRGW3390D,LAFARGE WEST INC. DRENNAN PLA NT,PBT,0.0003086468,1.543234e-007
"POINT (-753327.48018881 1785208.85168258)",80907LFRGW3390D,LAFARGE WEST INC. DRENNAN PLA NT,TRI,1.0168368826,0.0005084184413
"POINT (-757294.080011977 1796636.43788554)",80907MNSTN115TA,MANSTONE LLC,TRI,12.6044077874,0.0063022038937
"POINT (-757477.303689469 1797974.61591782)",80907MXCRM4230N,QUALTEK MANUFACTURING INC,TRI,6.688376156,0.003344188078
"POINT (-759502.325498171 1798417.25771789)",80907RFLXT4350C,AEROFLEX COLORADO SPRINGS DOING BUSINESS AS COBHAM,PBT,0,0
"POINT (-757979.301291026 1797383.2381658)",80907SNTND3801N,SINTON DAIRY FOODS CO,TRI,0,0
"POINT (-758536.804494408 1798868.58771299)",80907WSTRN4607F,WESTERN FORGE CORP,PBT,8.81848e-005,4.40924e-008
"POINT (-756576.393707302 1796668.69762609)",8090WDMNDM355NS,DIAMOND MATERIALSTECHNOLOGY INC,TRI,112.34523058,0.05617261529
"POINT (-759007.813236206 1796383.06910911)",8090WLFRGF13WFI,LAFARGE FILLMORE ASPHALT,PBT,0,0
"POINT (-744678.109123745 1794512.08415307)",8090WRCKYM2725C,MARTIN MARIETTA - CAPITAL FACILITY,PBT,0.00304127329,1.520636645e-006
"POINT (-753786.60201583 1784903.28603397)",8090WRCKYMHWY85,MARTIN MARIETTA - HWY 85 FACILITY,PBT,0.00431554365,2.157771825e-006
"POINT (-751053.575584179 1784361.50637788)",80911SCHLG3899H,SCHLAGE LOCK CO LLC,PBT,0.47210775906184,0.00023605387953092
"POINT (-751053.575584179 1784361.50637788)",80911SCHLG3899H,SCHLAGE LOCK CO LLC,TRI,77.57616856,0.03878808428
"POINT (-753581.671796019 1782041.28821963)",80913FRTCRCOMMA,US ARMY FORT CARSON (CANTONMENT),PBT,1360.72673792,0.68036336896
"POINT (-753581.671796019 1782041.28821963)",80913FRTCRCOMMA,US ARMY FORT CARSON (CANTONMENT),TRI,3757.43748314,1.87871874157
"POINT (-744759.727651312 1795483.34859886)",80915XLSNN3445N,WEATHERFORD ARTIFICIAL LIFT SYSTEMS LLC,PBT,4.5228505060904,0.0022614252530452
"POINT (-744759.727651312 1795483.34859886)",80915XLSNN3445N,WEATHERFORD ARTIFICIAL LIFT SYSTEMS LLC,TRI,279.906075703361,0.139953037851681
"POINT (-750277.040825715 1788060.69589379)",80916NCRMD1635A,DPIX LLC,TRI,62.61782186,0.03130891093
"POINT (-751661.038309392 1788256.3534461)",80916QLTYC1635S,QUALITY CONCEPTS MANUFACTURING INC,PBT,0,0
"POINT (-736843.181054515 1727167.88666414)",81001BFGDR50WIL,GOODRICH CARBON OPERATIONS,PBT,0,0
"POINT (-736843.181054515 1727167.88666414)",81001BFGDR50WIL,GOODRICH CARBON OPERATIONS,TRI,70.5147707,0.03525738535
"POINT (-745900.019554752 1722323.16730216)",81001CLRDX29550,AIRGAS USA LLC,TRI,2.42949124,0.00121474562
"POINT (-733421.511106515 1726896.09017619)",81001DNPTC1DANE,MARS PETCARE US INC.,TRI,0,0
"POINT (-737637.968468823 1726967.32352884)",81001SHLND250WI,KMG ELECTRONIC CHEMICALS INC,TRI,44.02185216,0.02201092608
"POINT (-744055.202331073 1727924.12637217)",81001SMMTP13THE,SUMMIT PRESSED BRICK & TILE CO,TRI,0,0
"POINT (-737039.058114757 1727437.57097317)",81001TRNCX101WI,TRANE CO,TRI,2.98946472,0.00149473236
"POINT (-744683.532934206 1723447.32365692)",81002HRSHC11HAR,HARSCO METALS - PUEBLO,PBT,0.0023589434,1.1794717e-006
"POINT (-744683.532934206 1723447.32365692)",81002HRSHC11HAR,HARSCO METALS - PUEBLO,TRI,1.9008674564,0.0009504337282
"POINT (-744640.107631608 1729741.05509733)",81003BRLBS27NFW,BEST BLOCK PUBB,PBT,4.52608486e-005,2.26304243e-008
"POINT (-745289.030577629 1722672.48856464)",81004CFSTL225CA,EVRAZ ROCKY MOUNTAIN STEEL,Dioxin,0.10634425494,5.317212747e-005
"POINT (-745289.030577629 1722672.48856464)",81004CFSTL225CA,EVRAZ ROCKY MOUNTAIN STEEL,PBT,84.2252583876,0.0421126291938
"POINT (-745289.030577629 1722672.48856464)",81004CFSTL225CA,EVRAZ ROCKY MOUNTAIN STEEL,TRI,3035.0783078,1.5175391539
"POINT (-746915.06209206 1731884.74951512)",81004DVSWR2100S,DAVIS WIRE PUEBLO LLC,PBT,33.474068232,0.016737034116
"POINT (-747735.544415983 1713674.24060097)",81004GCCRG3372L,GCC RIO GRANDE INC,Dioxin,0.003841979589514,1.920989794757e-006
"POINT (-747735.544415983 1713674.24060097)",81004GCCRG3372L,GCC RIO GRANDE INC,PBT,0.59551856826,0.00029775928413
"POINT (-747735.544415983 1713674.24060097)",81004GCCRG3372L,GCC RIO GRANDE INC,TRI,1003.95662878988,0.501978314394942
"POINT (-742457.664893243 1718960.99028773)",81006PBLCS2005L,PUBLIC SERVICE CO OF COLORADO COMANCHE STATION,Dioxin,0.008131299946,4.065649973e-006
"POINT (-742457.664893243 1718960.99028773)",81006PBLCS2005L,PUBLIC SERVICE CO OF COLORADO COMANCHE STATION,PBT,175.1210355092,0.0875605177546
"POINT (-742457.664893243 1718960.99028773)",81006PBLCS2005L,PUBLIC SERVICE CO OF COLORADO COMANCHE STATION,TRI,26964.2510400296,13.4821255200148
"POINT (-747904.046144128 1736147.91047672)",81007LFRGW630ST,LAFARGE PUEBLO WEST READY MIX,PBT,0.0001763696,8.81848e-008
"POINT (-747697.920076096 1736277.66523207)",81007NTRST646NS,INTERSTATE CHEMICAL CO INC,TRI,20.581670934,0.010290835467
"POINT (-747974.127344602 1735561.15638241)",8100WLTFLS1739E,ALTA FUELS LLC - PUEBLO PLANT,TRI,61.03270008,0.03051635004
"POINT (-734053.013399789 1726945.83119205)",8100WNLSTL319LC,O'NEAL MANUFACTURING SERVICES,TRI,0.00551155,2.755775e-006
"POINT (-720106.104577683 1727161.04823988)",8100WSRMYP45825,US ARMY PUEBLO CHEMICAL DEPOT,PBT,48.49833307,0.024249166535
"POINT (-746945.40058848 1715605.70414456)",8100WVSTST1TWER,VESTAS TOWERS AMERICA,TRI,1603.7097689756,0.8018548844878
"POINT (-651458.822825816 1687618.06676334)",81050PHLLP31601,PHILLIPS 66 CO LA JUNTA TERMINAL,PBT,0,0
"POINT (-651458.822825816 1687618.06676334)",81050PHLLP31601,PHILLIPS 66 CO LA JUNTA TERMINAL,TRI,28.491627032,0.014245813516
"POINT (-573950.757337723 1694125.95808473)",81052CFMRC500EC,CF MAIER COMPOSITES INC,TRI,248.17186878,0.12408593439
"POINT (-573630.728468203 1693945.2373153)",81052FBRGL800ST,SUTRAK,TRI,40.43052618,0.02021526309
"POINT (-573796.930317079 1693834.34832795)",81052RNCHM700EA,DRAGON ESP LLC,PBT,0.125883802,6.2941901e-005
"POINT (-573796.930317079 1693834.34832795)",81052RNCHM700EA,DRAGON ESP LLC,TRI,0,0
"POINT (-625971.042268944 1684590.51255546)",8105WMNTNP3FIFT,"MOUNTAIN PRAIRIE, LLC",TRI,0,0
"POINT (-862771.769454256 1647800.85980953)",8110WTLFLS615ST,ALTA FUELS INC,TRI,67.47680434,0.03373840217
"POINT (-838406.205671335 1613958.95304006)",81152CLRDG04MIL,COLORADO AGGREGATE CO,TRI,0,0
"POINT (-798632.552590384 1750449.0824347)",81212TLCRP550HW,BLACK HILLS ENERGY - WN CLARK STAT ION,PBT,12.86616232,0.00643308116
"POINT (-798632.552590384 1750449.0824347)",81212TLCRP550HW,BLACK HILLS ENERGY - WN CLARK STAT ION,TRI,961.19006918,0.48059503459
"POINT (-780941.300935547 1743362.80384157)",81226HLNMN3500S,HOLCIM (US) INC PORTLAND PLANT,Dioxin,0.00058863354,2.9431677e-007
"POINT (-780941.300935547 1743362.80384157)",81226HLNMN3500S,HOLCIM (US) INC PORTLAND PLANT,PBT,30.17038233033,0.015085191165165
"POINT (-780941.300935547 1743362.80384157)",81226HLNMN3500S,HOLCIM (US) INC PORTLAND PLANT,TRI,1061.07400047066,0.53053700023533
"POINT (-787216.726732028 1742993.74190679)",81226SDJBP5880S,FCC FLORENCE,PBT,17.78826968446,0.00889413484223
"POINT (-1081314.63924699 1760863.47733559)",81424TRSTT30739,TRI-STATE GENERATION & TRANSMISSION-NUCLA STATION,PBT,69.84568616696,0.03492284308348
"POINT (-1081314.63924699 1760863.47733559)",81424TRSTT30739,TRI-STATE GENERATION & TRANSMISSION-NUCLA STATION,TRI,668.85525256,0.33442762628
"POINT (-989150.102217481 1827526.9638911)",81428BWN2MOLDST,BOWIE NO 2 MINE,PBT,57.031873430708,0.028515936715354
"POINT (-1072833.16255108 1852396.96182467)",81501CPCNC1328W,CAPCO LLC,PBT,0.166178523588,8.3089261794e-005
"POINT (-1072966.33491561 1852865.78584846)",81501PBDYB610S1,ABC INDUSTRIES INC,TRI,187.78512236,0.09389256118
"POINT (-1076998.08145713 1856223.64349237)",81503CLRDC56924,TOTAL PETROCHEMICALS & REFINING USA INC (TOTAL CRAY VALLEY),TRI,155.0068322,0.0775034161
"POINT (-1078609.45225822 1857651.53140498)",81505CLTTT2306H,MINOVA USA INC,TRI,155.42571,0.077712855
"POINT (-1076491.88745477 1855704.17559985)",81505CRSCR2449R,COORSTEK,TRI,87.50357242,0.04375178621
"POINT (-1078273.74805067 1859110.02413318)",8150WMLTCH73123,MULTI-CHEM GROUP GRAND JUNCTION CO FACILITY,TRI,1.98856724,0.00099428362
"POINT (-1079899.83391989 1858622.98154411)",8150WSNCRN223RA,"SUNCOR ENERGY U.S.A, INC. - GRAND JUNCTION PRODUCTS TERMINAL",TRI,1.82101612,0.00091050806
"POINT (-1051798.17102642 1859869.25265432)",81526PBLCS4MILE,PUBLIC SERVICE COMPANY OF COLORADO CAMEO STATION,PBT,6.696312788,0.003348156394
"POINT (-1051798.17102642 1859869.25265432)",81526PBLCS4MILE,PUBLIC SERVICE COMPANY OF COLORADO CAMEO STATION,TRI,336.25525626,0.16812762813
"POINT (-950358.854404356 1877013.62670647)",81623LFRGW14156,LAFARGE POWERS READY MIX,PBT,0.0001763696,8.81848e-008
"POINT (-950358.854404356 1877013.62670647)",81623LFRGW14156,LAFARGE POWERS READY MIX,TRI,1.1324912478,0.0005662456239
"POINT (-968952.604500595 1992620.95933462)",81625TRPPR65MIL,TRAPPER MINING INC,PBT,178.765250323,0.0893826251615
"POINT (-968952.604500595 1992620.95933462)",81625TRPPR65MIL,TRAPPER MINING INC,TRI,15178.195484947,7.5890977424735
"POINT (-972140.65321933 1998174.73190462)",81626TRSTT2201R,TRI-STATE GENERATION & TRANSMISSION-CRAIG STATION,Dioxin,0.0072201305,3.61006525e-006
"POINT (-972140.65321933 1998174.73190462)",81626TRSTT2201R,TRI-STATE GENERATION & TRANSMISSION-CRAIG STATION,PBT,193.360609426468,0.096680304713234
"POINT (-972140.65321933 1998174.73190462)",81626TRSTT2201R,TRI-STATE GENERATION & TRANSMISSION-CRAIG STATION,TRI,16778.32223936,8.38916111968
"POINT (-926829.168323805 1900800.29985806)",81637LFRGW11589,LAFARGE GYPSUM RANCH READY MIX,PBT,0.0001763696,8.81848e-008
"POINT (-926829.168323805 1900800.29985806)",81637LFRGW11589,LAFARGE GYPSUM RANCH READY MIX,TRI,1.0842982546,0.0005421491273
"POINT (-937968.058159515 1996815.3237057)",81639PBLCS12795,PUBLIC SERVICE CO OF COLORADO HAYDEN STATION,Dioxin,0.00262570242,1.31285121e-006
"POINT (-937968.058159515 1996815.3237057)",81639PBLCS12795,PUBLIC SERVICE CO OF COLORADO HAYDEN STATION,PBT,142.24198539672,0.07112099269836
"POINT (-937968.058159515 1996815.3237057)",81639PBLCS12795,PUBLIC SERVICE CO OF COLORADO HAYDEN STATION,TRI,8053.9370523788,4.0269685261894
"POINT (-990688.684316818 1981644.05553037)",81641CLWYC5731S,COLOWYO COAL CO LP,PBT,0.02545895176,1.272947588e-005
"POINT (-998681.426758019 1895267.8006508)",81650CHMPN717BU,NALCO COMPANY-RIFLE,TRI,3.37968246,0.00168984123
"POINT (-1003816.85165594 1896552.74825007)",8165WSMNSP23899,"SIMONS PETROLEUM, INC., RIFLE BULK PLANT",TRI,0,0
